order_id,order_item_id,product_id,seller_id,shipping_limit_date,price,freight_value
86c94a0d5411b58234ceb4ddda0ee6c1,1,3dd2a17168ec895c781a9191c1e95ad7,de722cd6dad950a92b7d4f82673f8833,2018-08-14 03:15:21,149.9,23.77
1c8ea3262201c0562eccbcefff3da202,1,a8a2dc008fdc6317702317958b880000,4e17c65a516f69d023a2ae78b84f28d6,2018-09-05 19:31:26,149.0,16.14
9b9aa5db72804ef29d7a80d931b6acc4,1,ab1ecbce7afd9f6e661baa24a5706c9c,d12c926d74ceff0a90a21184466ce161,2018-03-15 16:55:55,44.9,22.85
d5b98f30a5e1df17359cc0588f14b5ae,1,437c05a395e9e47f9762e677a7068ce7,f84fa566034f5e8e880a07ec624c56af,2018-03-27 02:51:02,47.65,7.71
89ddf23f8fe73ace16b54d219a527277,1,acc444eb5ad26f79d5a11baa6a03c439,1025f0e2d44d7041d6cf58b6550e0bfa,2018-01-30 19:19:27,120.0,70.06
8d0ae84c25c48ed1b0ecf1eb0b834c5a,1,a893bc71728f68147175c1535d952357,51ed72984a04e5dd35c2b27e77179038,2017-12-27 00:50:48,93.9,12.16
de4c5454fb8e64f76ec9689a472b23c7,2,e2c3ed9aaddfd2312a6a5fe9b3ddadd3,46dc3b2cc0980fb8ec44634e21d2718e,2017-11-30 16:52:42,99.99,17.95
f939e2a89376e44158657a15465cacce,3,3eef0cb94ba82de806bb30ab743c7655,7c67e1448b00f6e969d365cea6b010ab,2018-02-12 07:25:32,79.99,22.88
5c31e5b017666e9ab6531ed55b5f87dc,1,1b28df0b54809d40f2bd2f2218c601a2,e9779976487b77c6d4ac45f75ec7afe9,2018-03-05 04:11:17,60.0,9.94
7a40bb8803549af172ca4403ff436229,1,308e13b4417e92c76b823160001ad012,fa1c13f2614d7b5c4749cbc52fecda94,2018-07-19 18:30:24,259.0,14.47
c1f81880aca45c52130764058999025e,1,e357a8646a17191f03fd9f833a0fa29b,bd23da7354813347129d751591d1a6e2,2017-11-30 15:14:34,99.9,11.9
a722dd5ab3a3cf4065a47d75a502fdab,1,e53e557d5a159f5aa2c5e995dfdf244b,00fc707aaaad2d31347cf883cd2dfe10,2018-04-12 15:11:53,94.0,24.65
cd0589dd69b11dbb8ca5adbe3fb753e6,2,a19b6951c75da43aad691622dd2f6abe,1025f0e2d44d7041d6cf58b6550e0bfa,2018-07-18 21:44:00,35.0,9.0
0049edf42837aa808e03552a62bd2158,1,389d119b48cf3043d311335e499d9c6b,1f50f920176fa81dab994f9023523100,2018-01-05 12:48:10,49.9,17.6
eb7ad8aef38707da6cf8a476dd47198e,1,e40fa115d27ea4a80bf2136d5f0cfcd7,d91fb3b7d041e83b64a00a3edfb37e4f,2018-01-16 10:08:11,155.0,8.83
aa955ed3185cc397197e640ec84c5031,1,b69eb25e3a4def8e9cddee18712e0c5e,8ed8ea9a57c862f2c18c2fe41f601d56,2018-05-11 16:53:20,199.0,42.15
1467273f73290140b548eeefa70dca8b,1,4590e33159d28afa51c996b1133eed09,9f50216bfd01913736a55a11b55ea842,2018-07-25 19:50:08,140.0,19.08
cf751a641521be29ac2213cd1756490b,1,722dc14e0848efdb771dca6de2929c41,7178f9f4dd81dcef02f62acdf8151e01,2018-02-27 06:55:30,79.0,15.3
706d45cf14a58b8b81d07564adc5a12e,1,7934d547a892c625b8f469a2242961c3,e49c26c3edfa46d227d5121a6b6e4d37,2017-12-18 14:31:30,59.99,15.17
207ea151b652a5aa335e64d908d9e0ed,1,cef16b173166d8d44b4fbf05b4b43bec,dd7ddc04e1b6c2c614352b383efe2d36,2018-07-29 23:10:17,17.9,17.93
722d169b73fb0bc2bb0e38ff703e9621,1,036734b5a58d5d4f46b0616ddc047ced,ea8482cd71df3c1969d7b9473ff13abc,2017-11-30 16:31:12,29.99,11.85
d810d97339fb343826dab7ddf6e17f95,1,c5841303f830680eb1cdda8be0ff35bf,b561927807645834b59ef0d16ba55a24,2018-05-04 03:30:33,38.0,7.39
6a8400c1ae628fd6e3770950582c8b99,1,0e1b67828c6d682c600b49872507d1ae,dd55f1bb788714a40e7954c3be6df745,2018-04-17 15:50:19,383.9,20.27
84580325d236dbdc6585c81d12f5c9ab,2,962a6951154f98f2c8e9a5b8b2bcf4a9,1025f0e2d44d7041d6cf58b6550e0bfa,2018-05-18 14:14:41,75.0,3.13
31a36522fd3998f250795c1e732acdac,1,2ffdf10e724b958c0f7ea69e97d32f64,4869f7a5dfa277a7dca6462dcf3b52b2,2017-09-22 19:10:21,229.0,16.35
ab14fdcfbe524636d65ee38360e22ce8,15,9571759451b1d780ee7c15012ea109d4,ce27a3cc3c8cc1ea79d11e561e9bebb6,2017-08-30 14:30:23,98.7,14.44
0e7a11a73554ebd7fa1de70d50b75285,1,fbd925d80d07790dc9f61463efb3c64c,8b321bb669392f5163d04c59e235e066,2018-04-05 07:07:34,12.3,15.23
1ac04fcb479aaae425488d963ebd0847,1,08c63555bbee955cad9c6a9feab9e9d4,117cfc326c6d50da67ca858ff5c0c852,2018-05-09 15:15:24,94.9,11.53
85786ed6b45d6b5897d8040879e0a899,1,aba86c093ccdbac75b09111d57e50004,7c67e1448b00f6e969d365cea6b010ab,2018-02-02 09:09:21,116.6,55.09
4fab84dd561f10bb9c98293f34d749fa,1,386eebb43722ab502f04f7900bd2451b,8b28d096634035667e8263d57ba3368c,2018-07-06 12:31:30,57.9,18.51
3d218f39d04ff6b133d343aed4364de9,1,a7c87b1bbdd51e0d68b0307cffd03d47,7e93a43ef30c4f03f38b393420bc753a,2017-09-21 06:36:43,849.99,20.71
3a9e44b449e2ec9986a329724bc824eb,1,4c2394abfbac7ff59ec7a420918562fa,cc419e0650a3c5ba77189a1882b7556a,2017-12-01 16:14:24,84.99,27.44
f3e6d2423031a399bbfc48b496eb12e7,1,9ce62e73b4ea1a6c74b68ba57aa1333b,3771c85bac139d2344864ede5d9341e3,2017-05-31 16:50:18,99.9,15.45
ed3e41849b59a2b13b8ab478ea321fdb,1,ac8e7cf3a658f63dc68dd7f3b8b5f97b,218d46b86c1881d022bce9c68a7d4b15,2017-11-24 16:56:31,107.0,25.59
2abb4e1bb6b3c83202111a0900d6fad5,1,36027cd76cee85025c9136de78270a6c,17a053fcb14bd219540cbde0df490be0,2018-01-05 14:18:46,399.9,67.61
6d7a867946b6ea936e0f9bff037d10a2,1,0c9ff9d8ed9b9bdd825487b3a66e05f5,8581055ce74af1daba164fdbd55a40de,2017-03-21 14:38:38,238.9,20.97
13b8bebe558b8424a4ccf23df4c01f77,3,827c4a77226a3e7ef259d61eaa775df9,b14db04aa7881970e83ffa9426897925,2017-11-03 19:45:27,39.9,37.9
8f779d94e10c62a62e8b697197ac55e7,1,1c45b3b234c28efa6e4f99e7af930030,d91fb3b7d041e83b64a00a3edfb37e4f,2017-09-04 22:50:13,68.75,35.8
54dfaf9697f69a07a441fc17ab325f5c,1,ef23a80c3e7f9c63e9956f6f54b1cf15,1d29dfba02015238dfbe2449a5eaa361,2018-05-14 13:31:20,52.9,18.25
14bc0695cb3e3a338887d250c7cfafb9,1,657247f6f60543b93e3cc708a8e6329c,7ddcbb64b5bc1ef36ca8c151f6ec77df,2018-01-19 17:51:35,248.99,60.29
10d1972b20dac93fd5808fa6de667a42,1,94fb18015068e3550e6a8f0729558904,d4e12e7884759a14fa0f5f896c791cae,2018-02-22 10:31:56,43.8,11.73
61bfed38f9921edce07bf34cbbacf25f,1,08dc49f9b802f2e81c55f4b810bbf1f5,1ce3ae5a399804d1a87e706f8a813c3e,2017-08-09 14:05:35,69.9,15.24
ae93587d71bc1659fcc7614e6f4dddfa,1,5ee76866fa61481c966c02a129dfac08,f3da5b2ff499efb8d4a6d371d175d7dd,2018-04-30 04:31:35,47.9,8.88
0bff41f23a1260a23cfe070af558eef7,1,b76364870c38ddd7dcc9dd9ab5abeeb4,2a6fbeaa7ab9e5d59a35841a8da71ce4,2017-11-06 22:45:59,40.0,17.6
02608b91ec6070ff5fcd4b63dd964232,1,aa280035c50ba62c746480a59045eec4,fa40cc5b934574b62717c68f3d678b6d,2018-03-01 15:31:17,30.5,7.78
452659f1bbc22357a8b75386eb2beb34,1,b18d3e74e5793a823be8acec061a5977,a3a38f4affed601eb87a97788c949667,2018-04-29 23:31:18,229.9,23.32
2a490849da4cef28b5edaea693b89ac7,1,970630717e7cff3088d05b01d90e36be,b98b715fe9e276204e2a3464f48cd796,2018-04-30 09:30:55,36.99,7.39
f55d478953a8f260b66fd32c5e8ae26f,1,9d32095f76b97762307e86cfc18dd7a0,391fc6631aebcf3004804e51b40bcf1e,2018-03-20 09:30:34,49.95,37.04
f71900fc3435a929b2d4ecc3860bfc56,1,2b2e55ad3e118ae57401cf2b747ca428,45c20d94d9171b0bcfab3c955e47d67b,2017-07-31 15:10:15,6.99,11.85
83db27f85506380229913b0dfdf5cd18,1,86f2416d4670e4ea3ca5494d043d9f24,7c67e1448b00f6e969d365cea6b010ab,2018-05-04 02:51:26,149.94,49.15
58e03095584d960583933517a2aae5df,1,c1dfd7dc17df380ed269d0fc905f6e22,4830e40640734fc1c52cd21127c341d4,2018-03-16 12:48:36,49.99,20.97
0ccad283af81aa4910d7cd1e092326d1,1,a62e25e09e05e6faf31d90c6ec1aa3d1,634964b17796e64304cadf1ad3050fb7,2018-03-01 02:09:03,108.0,16.52
09d6c2dd8c08336a2cbd1c449a2ef158,1,781afe929e3016a667f5f439afd55fce,08633c14ef2db992c11f840f04fad4cd,2018-02-12 04:15:56,111.9,15.53
f368c3e5edb7b7db5296654ed37464b2,4,c7fd13b5e515bffdab855d0812842edb,1025f0e2d44d7041d6cf58b6550e0bfa,2017-11-24 19:45:55,78.0,12.89
505c74a8514300103db4767c595fd85a,1,7027d0fc936cee48f395376be9bb733c,a416b6a846a11724393025641d4edd5e,2018-04-12 15:50:13,29.42,11.15
83f55f5d7e22a8596055a21842312edc,1,71a7800a633691de8ecdd17463335e2e,f80edd2c5aaa505cc4b0a3b219abf4b8,2017-12-27 06:57:41,67.9,35.73
526ad2823ac462d2de62d9747db765e6,1,f7f75f7339e0fd5af137094d59f44890,850f4f8af5ea87287ac68de36e29107f,2018-01-18 12:08:40,848.0,23.19
e56dc70751e30dd4008c762ed6be2bce,1,3dd2a17168ec895c781a9191c1e95ad7,de722cd6dad950a92b7d4f82673f8833,2018-02-09 16:52:07,149.9,23.37
fd0be5d2bf919cd944fb8c57a5e89771,1,1d38e85c3c89665e3c1d5cc5e6a829d6,f615fe7efbef0f4f08fd3086bc7a3e60,2017-07-18 17:55:16,34.9,12.69
2c6c5c881336bcec2d8c89cb05184a81,1,5c17022eddee34a164a87606a586dd8b,1ce3ae5a399804d1a87e706f8a813c3e,2018-04-02 18:49:00,28.9,24.82
66b821651549a29e32bf9459b82288cd,1,5f21301936c11698db6aee5444190da0,fe2032dab1a61af8794248c8196565c9,2017-05-26 13:06:31,149.9,9.24
de5219d73e2adb00e7f062aee80985dd,1,16ed6a6e3fce23b741650437fe58d65b,e5a38146df062edaf55c38afa99e42dc,2018-02-02 16:31:39,89.18,15.38
d95236c2780d744b3bd884f327590d14,2,368c6c730842d78016ad823897a372db,1f50f920176fa81dab994f9023523100,2017-08-14 16:55:11,59.9,13.44
5d2ff43aa9d044bfeee7a47f21b05f8e,1,5c77339ada5044e33450d5c2660692e0,4c2b230173bb36f9b240f2b8ac11786e,2018-06-14 00:21:47,49.9,7.39
73eb2dbe87f00c86931e3ef008935806,1,af51d485dc5255ba2e18b21b550156e6,5dceca129747e92ff8ef7a997dc4f8ca,2017-05-05 11:50:22,259.9,44.62
f65dd07add88e7040803c33aec4134e1,1,9d0bb30eed80184666c8acad23921283,1bb2bdb95f4841f1bba2c0d2cd83d3c9,2018-06-19 13:19:42,19.95,18.28
d865bc459503b9c8a19382a7634ed5d5,1,4b271b76eed185fd46be2bf42e1d02f3,710e3548e02bc1d2831dfc4f1b5b14d4,2017-08-14 15:15:23,59.99,17.99
98c8ce34fb87be20f449264f5ff6fb35,4,3606696d19bbcad6cb6c0e985749862f,d624126b9206f595fb3fbb6ba03b28a8,2018-04-26 22:31:55,36.9,17.93
8b8c17015e5e5bea026c24e0f03c9dcf,1,9e2d3a8d8ffad53e2e35282a2020221c,1da366cade6d8276e7d8beea7af5d4bf,2017-03-10 02:30:17,29.9,22.28
a9013af14c8d031fab5eb2a183333068,1,041022915a950ec95b761b690ddb6b24,8cbac7e12637ed9cffa18c7875207478,2017-04-06 18:45:12,125.0,27.34
f58d7e09ece55d81aac40b317757069e,1,3efe696e322f9139e3d2b894cb1f7a09,062ce95fa2ad4dfaedfc79260130565f,2017-07-04 21:50:19,189.9,20.57
a028a53499d56225d417f0561ea2c1a8,1,aca2eb7d00ea1a7b8ebd4e68314663af,955fee9216a65b617aa5c0531780ce60,2018-01-26 16:59:44,69.9,16.12
0955f133d0afa54f738fd6ac4c9bc83b,1,c4baedd846ed09b85f78a781b522f126,a1043bafd471dff536d0c462352beb48,2018-01-02 20:09:46,89.99,45.09
0533573d16b0c12cc9a3f9f97f67111b,1,1b28df0b54809d40f2bd2f2218c601a2,e9779976487b77c6d4ac45f75ec7afe9,2018-03-07 12:10:19,60.0,9.94
f738b7f44b5be61ae982e3ea9c87289f,1,aca2eb7d00ea1a7b8ebd4e68314663af,955fee9216a65b617aa5c0531780ce60,2017-10-16 20:49:33,75.0,13.08
6ea6774abec27440369c7282c5511cc6,1,c971d649c40781eec263978c8b5b192d,34056b8b55c1775a22af2331670a799c,2018-03-27 20:35:36,124.7,38.92
ab49b594934a5f49ee9194704347e602,1,f5c18148dc9783aeb37a8bc958d6ce73,7c4adcc13272c0e26fa23aac642adb7b,2018-02-05 04:30:45,110.0,16.53
115e5f8ceec805909d9cc974e1653153,1,0603d2d85bcc46beb11bd247870c4841,00ee68308b45bc5e2660cd833c3f81cc,2018-01-17 11:08:42,150.0,13.39
625b3de89355b67e8efec2e3c467d6e0,1,aa8e397582b49721494b929b3216b41f,1da3aeb70d7989d1e6d9b0e887f97c23,2018-06-06 19:55:54,25.0,18.23
8ec04c0efbc0a4a711cf9a6b2878c105,1,e5e0c45564bc74a85e8e51968fdefa8d,5d0363b33554b373851fc1622e4d5f3c,2018-05-24 21:50:45,50.9,14.29
a96d3bc5d1e3315554ccd38f27ff5ef3,2,b192be433004cc1f10b467c0e9ea309b,de722cd6dad950a92b7d4f82673f8833,2018-07-30 20:15:12,179.9,39.53
506905ea049bb2c4d984a023b70a3035,1,b8355aca8662d7e0c913ed67412d8ecc,da8622b14eb17ae2831f4ac5b9dab84a,2017-07-31 15:07:41,39.9,16.11
f329e0268c6dd7c8492893d6049b7075,1,fecf6223a3494f35362f670e571d2a04,3db66a856d18a9cba7c9241fc5221c50,2017-11-06 11:35:24,69.9,16.25
fec4d19f04178e4adbe16ebfc8c7ebd7,1,f1c7f353075ce59d8a6f3cf58f419c9c,37be5a7c751166fbc5f8ccba4119e043,2017-07-19 13:45:16,205.0,22.27
ef553ba476c9bf8051035dfc9fdeda79,1,4fe644d766c7566dbc46fb851363cb3b,c31eff8334d6b3047ed34bebd4d62c36,2018-06-22 12:20:00,89.99,23.43
4e0d44809a2f13a874d59c6893144c26,1,8c591ab0ca519558779df02023177f44,a1043bafd471dff536d0c462352beb48,2017-11-21 19:06:32,89.99,45.09
b519435b8a999cbefb70936aed23af56,1,061c050147b7b9fb6f088593900e8dc6,d98eec89afa3380e14463da2aabaea72,2017-05-31 23:30:14,19.99,12.48
808b7fff91e537a5df90717957ee5bb1,1,ffef256879dbadcab7e77950f4f4a195,113e3a788b935f48aad63e1c41dac1bd,2018-06-15 19:54:42,31.78,18.23
d2ce3fa6247aeec43a75906e36600045,2,33c4b54c2a3e60ac5beb217d833d9f52,b18871c324516afa228a13e8f1ef0ae9,2018-03-06 22:30:41,58.46,15.16
38ac0cc1879cabf9cb23a2e8f217acfe,1,679d1a26cc192f14e7e30ae397f8b089,2a5b78b41cd05baeac8df54c6606b92c,2018-02-21 02:51:47,857.77,18.13
4c5ac16a6ed40ba5691024e3b3cf94bb,1,45f1424574bd3d445c78781373aa6d26,d91fb3b7d041e83b64a00a3edfb37e4f,2017-08-24 02:35:31,26.0,8.27
a37f5cc83000aea21c4efde29a20449b,1,c3ba4e8d3cb30049213b682e751e9d00,6560211a19b47992c3666cc44a7e94c0,2018-06-13 21:31:42,95.0,18.77
fd7f923cec63405c5df9b1f05d0572bb,1,c432f90fa332fd2e5091f2ac2d226aad,9c1c0c36cd23c20897e473901a8fb149,2018-08-16 11:35:16,124.99,22.63
0fa9912ed473d9281b394bb3f562cfba,1,a22fc11d1915e903d002d98721aabb60,a2b5b6105ea5942300631d2e76f4ffe0,2018-08-24 04:50:03,42.2,9.05
1b15974a0141d54e36626dca3fdc731a,7,ee3d532c8a438679776d222e997606b3,8e6d7754bc7e0f22c96d255ebda59eba,2018-03-01 02:50:48,100.0,10.12
d05843f19339db42477d8855fa69026d,1,703d742887bb9267f89b675608ba7aa0,640e21a7d01df7614a3b4923e990d40c,2018-07-23 22:05:14,56.1,13.97
ca67981db1ad515d44e29fed8965d528,1,668b1e2b9471f837ba1797832e3f2012,36a968b544695394e4e9d7572688598f,2018-06-13 04:51:42,34.9,22.06
06e4e324b83309e575442446e34377d7,1,1c36a5285f7f3b1ed2637d7c528ce5ff,d1b65fc7debc3361ea86b5f14c68d2e2,2017-06-30 02:25:24,99.9,22.7
945bbdd66669edb480ca9f0037ed11b0,1,803f77475e1b51b47f1bfec4f2ec353f,c9c7905cffc4ef9ff9f113554423e671,2017-10-17 16:56:24,65.99,25.74
b6e1870851fc18da0ef1cafe7b7360c1,1,32ff30bce9752963c889b69a33b0e84a,9b013e03b2ab786505a1d3b5c0756754,2018-08-09 18:32:07,200.0,8.66
97400d97515bc5f8457c78d57a53ee5c,1,ddceb6eef6af67e9fbbd4c148dbe5fd9,ceaec5548eefc6e23e6607c5435102e7,2018-02-07 10:19:16,215.0,21.0
75434d9f9fce6b4c6cd9f4736db6fa16,1,22fc8dc1de226d2a731f5fa50303c388,96493fab2fbb13a14d0c0e8772eef5c3,2017-08-14 19:45:12,269.0,20.42
f9772fe1819ff19a370a234d7697b841,1,62c89abe1afe3a23c17765d462718a4c,fe2032dab1a61af8794248c8196565c9,2017-08-03 09:23:29,259.0,10.01
b79c15d698bc94cd61de571f5c6cbcb2,1,41f5f13f79496717b1d90ef30551333b,7142540dd4c91e2237acb7e911c4eba2,2018-04-05 12:50:22,59.9,40.98
a4b45ae5dd9fc64c6ad2093aa51dbc30,1,9af1e4e7176c0444995f217a1bfe7f1e,391fc6631aebcf3004804e51b40bcf1e,2017-07-10 01:55:15,59.78,16.18
c7f9d26b8af0469ef75b9f5acd3b31ad,1,e082a9cbbc454309a78654e6699f387c,d1c281d3ae149232351cd8c8cc885f0d,2017-05-25 02:30:47,17.99,12.69
ba2effd965d1fc79dbcaa17d401b3c99,1,4aa6014eceb682077f9dc4bffebc05b0,b8bc237ba3788b23da09c0f1f3a3288c,2017-12-27 21:10:26,259.0,46.27
554e0040525310e842d969553ab5b594,1,7ce94ab189134e2d3c05f496d635419c,8b321bb669392f5163d04c59e235e066,2017-12-07 02:52:03,13.65,15.1
ccf1f49fad1e7cc6c926b067a0cfea00,1,a0b7b660f3ff79836867de402e158770,4978a02ea9c8be7a9b5480680f40334e,2018-04-30 04:30:44,119.99,11.46
8be0ba0be22f6202ca47271c05e5d915,1,c7fd13b5e515bffdab855d0812842edb,1025f0e2d44d7041d6cf58b6550e0bfa,2017-08-11 15:30:14,78.0,18.12
d142e450e61b3eabff86c13e6a89a720,1,e1901d5d99ca951543717ea5d1940a36,f00e21b1e91a79653163b7fd8f293ff1,2017-09-19 17:04:22,99.9,12.83
8363d443c31df471966f714d848f570c,1,8016b7670842c9e99086f95ca96d7356,430315b7bb4b6e4b3c978f9dfa9b0558,2018-02-07 18:31:20,319.0,24.55
c31664de12de8ed1dc41cc8478e51ae0,1,f4f63288f5e6ff5cb8262bdfb626c85a,c8b0e2b0a7095e5d8219575d5e7e1181,2017-11-30 16:31:10,124.99,12.08
3cb5915708fd5b47246994508f858ffd,4,53759a2ecddad2bb87a079a1f1519f73,1f50f920176fa81dab994f9023523100,2017-11-23 02:29:03,59.9,17.67
53f4d907417af64c33b736f1c53d9d1f,1,e88e5a87ca25def10ad4f2dd2a967f23,c3cfdc648177fdbbbb35635a37472c53,2018-03-16 12:15:37,339.9,24.92
f6bd72831910b512c742683579ff20f2,1,0e122649ef24efa2051127c4018b13e5,014c0679dd340a0e338872e7ec85666a,2018-04-30 15:31:36,358.0,24.22
87ee8793eb513dbe9a44ddf71529a8e6,1,817e1c2d22418c36386406ccacfa53e8,624f4ece8da4aafb77699233d480f8ef,2018-04-05 20:27:40,159.0,16.02
2ed947abad5777127c51b3c509163ec2,1,9cd79ac3aef250c2bdb124ba243ec5bf,7178f9f4dd81dcef02f62acdf8151e01,2017-08-03 17:23:20,19.9,15.1
8e44452897e7b8506246a37a8f63f686,1,b980f3256c981fc178514325143b1fc8,4e922959ae960d389249c378d1c939f5,2017-08-15 09:24:00,89.0,8.37
db594d5ffa3060a8a682a7057a904f29,1,8c0c3a8ad1d1896e7d9d66921a4b66ab,46dc3b2cc0980fb8ec44634e21d2718e,2017-11-30 02:09:30,229.99,16.37
a8a42525a528f4f3b6c343d8cfa0a374,1,03e931f387c2dd5b006aecdb12515b2e,1900267e848ceeba8fa32d80c1a5f5a8,2018-06-05 20:50:40,53.0,12.81
e84aab6af2a71fdd57e937740dc5a3dc,1,63085bb4366ded27bcb63cbb59b4103a,5dceca129747e92ff8ef7a997dc4f8ca,2017-11-30 20:31:25,379.9,45.07
549eaa78237c5a5c9ca1cc4a8d812208,1,4dbd164e17f931f99e7553c97000a4d8,abe42c5d03695b4257b5c6cbf4e6784e,2017-09-13 02:50:19,449.0,16.89
2db89d0e7f0dc38ccf1374a6c51b5b7d,1,af2d506fb01b724e03591349ad36b67e,4b9750c8ad28220fe6702d4ecb7c898f,2018-06-22 00:15:58,48.9,9.47
54ac92ea720b2574ecf18f372f41ea71,1,c681df24c54f79b5eab51e15b603abf8,1127b7f2594683f2510f1c2c834a486b,2017-05-26 20:05:18,28.28,16.11
21fbb7ffe47d9cc3a504f6ac4ee24c9a,2,7c4a8bec217df1de0df2b5aaf8175b65,7040e82f899a04d1b434b795a43b4617,2018-08-29 12:15:19,14.9,15.23
21746a2a0ab90a9d0916af6e1026fd24,3,1b90de90abbc056f24e0fe3c721a88ee,ca3bd7cd9f149df75950150d010fe4a2,2018-01-19 19:31:37,134.0,17.19
699d4a05ee53f6603330b248226c6fdc,1,c4e8d6b4c4915e1e596379c68c4391dd,a7f13822ceb966b076af67121f87b063,2017-04-06 13:25:18,99.96,21.01
05e18a6cef41f63dc86b7b254954dffc,1,8963eba2629ee030c4de83703c0ae020,4a3ca9315b744ce9f8e9374361493884,2017-12-08 16:31:49,199.9,26.24
e01ad9a69b8b245bbe1076417c1d3f44,1,4cac1a12a6fe9ffba4a9556dbe582e28,7ddcbb64b5bc1ef36ca8c151f6ec77df,2017-09-15 14:03:57,25.99,7.78
36d154da5add4de0e1459448ce52a288,1,2e0954ad7b4cc60c7ffc31da777ca215,232a6014e7b10cba61c6c2b2ea6bb4b0,2018-04-17 22:30:48,88.0,26.7
a1ab6845d58938601eb0043797e0c3be,1,173e9fe34bfe97f3a5e6dc57fe897b74,ba143b05f0110f0dc71ad71b4466ce92,2018-05-18 12:52:29,57.89,12.77
80767ee5712d9f1d53be5e87db2e11af,1,8e023144385596d8dce754c39ea479f2,e8b3a3a38279a82f0e5d006d5e5b7d2c,2017-12-07 00:18:20,99.9,13.72
2aee72588060c074fd45155346c97a84,1,a84a9e06ec9e2e2a520aa8c5b6d11150,fa1c13f2614d7b5c4749cbc52fecda94,2018-06-11 20:15:09,349.99,22.5
eaa6e85721460c83524a1269a2113037,1,fa4e8255202fd921350a6fc716710dae,2b3e4a2a3ea8e01938cabda2a3e5cc79,2017-08-30 02:46:54,267.99,15.63
3b106e10a8c576552a457e61f1e8c90c,1,bee2e070c39f3dd2f6883a17a5f0da45,4e922959ae960d389249c378d1c939f5,2017-12-05 17:25:48,140.0,12.48
b22d306e18b3b665d49f2ce7d060742e,1,283dc451ad3918badb976d56ff887289,da8622b14eb17ae2831f4ac5b9dab84a,2017-04-03 17:33:15,79.9,17.3
a7d0f5630dc1881470f6308869e95893,1,81fe540cb0119e1d4ef5f191701b3cb9,bc2ac6b95e1accce9858528ee566c17e,2017-09-21 09:15:14,63.0,9.34
b04b2f28409ccd550c06a3fca4d6eb00,1,c211ff3068fcd2f8898192976d8b3a32,da8622b14eb17ae2831f4ac5b9dab84a,2018-03-21 03:15:43,24.9,8.64
ab92a98bb35621bd312084351fb238f1,1,095ccd4cb27e35ee43f12dd18fa26c04,5882820ef11c4c068eea0677a7a879b4,2018-03-29 22:47:50,29.9,19.32
9dd2fd0bc65b8d4b92ff4ab91cab5b28,1,4b96786612ebe7463132fce2c4dca136,d94a40fd42351c259927028d163af842,2017-12-19 19:30:33,129.0,21.39
498b82eee940ee411a28499634675d5e,1,2b849e71ada03a262ef4338a7abd8b79,f8db351d8c4c4c22c6835c19a46f01b0,2018-05-02 11:30:41,104.9,23.31
962acb5668d26068e35cc8c6f7f65e73,1,00ab8a8b9fe219511dc3f178c6d79698,1b8356dabde1d35e17cef975c3f82730,2017-03-31 02:16:12,99.99,14.48
dbf2c0164b592abca90f6c6817f37a9b,1,ee406bf28024d97771c4b1e8b7e8e219,7a67c85e85bb2ce8582c35f2203ad736,2018-05-07 05:30:46,139.99,16.13
ab2074b3788d9e68a23db714cbf70f9d,1,2b10e945dae5434075c8bb2be0d17325,da8622b14eb17ae2831f4ac5b9dab84a,2017-02-22 17:12:11,219.9,17.69
87ce6f9094188f36623b250901635869,2,4a545fda8038a360bd93a5f1ac419a4e,9b013e03b2ab786505a1d3b5c0756754,2018-08-31 04:04:01,17.0,7.39
e884a5f13002803a9e393c21d0c1b257,3,e15cee02291017f6f12b4115ffb417e6,391fc6631aebcf3004804e51b40bcf1e,2017-08-22 13:30:18,24.75,17.92
a40c9f4f47639e167fa76a010ae10667,1,73bcea88583002fe12b7399af4ae60da,4869f7a5dfa277a7dca6462dcf3b52b2,2018-07-05 20:49:58,119.9,18.94
f4309c5ccc24874aba5de216dc1616f0,1,3ef8d885129ad51b20838faba23825a3,b080809eaacb49e5ca07290981472431,2018-01-29 13:02:17,38.0,8.11
9710f69b6b9cfc910ad851334d8ba458,1,437c05a395e9e47f9762e677a7068ce7,f84fa566034f5e8e880a07ec624c56af,2018-03-27 15:30:33,47.65,22.06
4a5906e48505c6f9113eb64d283949a6,2,569ffd16f8032478cbeb9800f2e94ba0,20cb7c2fde3e5bf10f0bbe7394e1c6a9,2017-10-20 16:37:19,16.9,15.1
92ffa55d1d1e77f655127aac213c1e38,1,dcfe76be1e1036cb99e5d8bdc2a1b1c9,d05ae8f7a5bd1d2a690a44cd079e4e27,2018-08-01 03:35:13,290.0,38.94
5c4e2e5f4cf06bd28d6020ea2afc884b,1,0a57f7d2c983bcf8188589a5fea4a8da,4869f7a5dfa277a7dca6462dcf3b52b2,2018-05-18 15:56:14,96.0,13.38
5c21b2e93c438ce5e3f2c7ee2776922e,1,5b75bff143600c85dd1fe69b7055982b,8090490573c6c0aa343a7231ebcb8c86,2018-07-27 16:15:10,199.08,9.55
2ee76a4a1d729880a350fcda807b492b,1,68a058d125ba1544e726898f0b8c0523,7c67e1448b00f6e969d365cea6b010ab,2017-05-19 06:50:08,129.99,11.52
7d9dad1ac923f80a77b7a8fdd10a7201,1,abad2a82d0a25653323cec918ba3e54c,900ba814c251a692506d7834c1218441,2018-03-29 16:15:30,141.64,13.7
487e6e67e10e5756f886f5994439c22f,4,0e14941c183946f60e3b86585d05f984,00720abe85ba0859807595bbf045a33b,2018-06-12 15:51:50,14.8,12.19
f5194ba2a4560ffa0e87746852c61fc1,1,644e4cb8dd45b65f85f267f66e551c94,3d871de0142ce09b7081e2b9d1733cb1,2017-12-13 09:50:07,19.9,11.85
ad6162000c72729addfa515bacd820a5,2,9095a5b548eb913258279d5aea381643,00ee68308b45bc5e2660cd833c3f81cc,2018-01-11 18:26:51,110.0,14.52
ac278dbea8fabef3f3c3c51e5a201197,1,4ae634441e444ca4bc85903cafe98d73,92eb0f42c21942b6552362b9b114707d,2017-04-20 16:35:20,18.95,24.35
41ccd400a8ae7bb976125bc6c3053f77,1,f684be31b76bed019a2871f30ee1b6b3,056b4ada5bbc2c50cc7842547dda6b51,2018-06-13 11:31:27,109.99,23.27
3f985ce98bdc814ea229189923a81f2b,1,7eddc981ef745d0883e134473160234d,6edacfd9f9074789dad6d62ba7950b9c,2017-12-22 00:10:34,123.9,18.12
8d7394529f217471379930f10b4237a2,1,25c38557cf793876c5abdd5931f922db,5dceca129747e92ff8ef7a997dc4f8ca,2018-05-07 13:31:19,1106.99,20.51
db6c4c19928d9acc355a54ee897bfdbb,1,cfe6e9c01d0bbb5df9a75f0e3286baa9,1d8dbc4f32378d715c717c1c1fc57bae,2017-11-06 14:15:18,110.0,20.01
eda22ec044e1100ad6ac68b6a93afff3,1,bbaef2eadf31fe3ea6702077398be06c,cc419e0650a3c5ba77189a1882b7556a,2017-06-09 15:15:08,56.99,34.2
8e6df87600aae0285919b5529f7f0bfd,1,c9c455f9fd8ca66d3ff7f90a249753b4,96804ea39d96eb908e7c3afdb671bb9e,2017-11-07 04:15:21,109.95,16.53
9d055ecc79e567092196d9511b113990,1,53b36df67ebb7c41585e8d54d6772e08,4869f7a5dfa277a7dca6462dcf3b52b2,2018-04-30 03:33:13,106.9,0.0
89875b3e82ac7361593b7c13d1ea5a02,1,fc7138a8f96aee8302e42916bbbbb818,28f10b1c5e5abb9d4857745bede6147c,2018-08-10 03:30:21,17.0,7.39
9021245fa468408aa7111005cf498277,1,ead7a0750955ac63e63b8e0ade03bbc4,8bb48dc19fccaa8613b6229bf7f452a2,2018-02-22 15:06:43,16.2,11.85
e662f080948818831b03ae9386ddab42,1,9394f87dc3875b085ec46efca4822642,dd2bdf855a9172734fbc3744021ae9b9,2017-08-18 08:43:52,54.9,16.63
943f6c7b262e40ec0526ff87156fb401,1,4e2fa5131fc9956bb6a6b9e84b39e798,3c010235b7345c92f125d14ee232a76b,2018-08-12 21:04:35,195.0,68.51
4f6daad34df49e10c8072b33faafcb2a,1,468a4d241243dd96169888c0ad022086,e067ad2c1c0b48758eb1b5228bcf7a68,2018-01-05 02:58:25,148.0,36.36
17e5131fe1d4b1a8dc14d4a66914f9d7,1,422879e10f46682990de24d770e7f83d,1f50f920176fa81dab994f9023523100,2017-10-18 18:55:17,59.9,13.44
c57d4208bbf0984e623a7f5dc58b99ef,1,e0cf79767c5b016251fe139915c59a26,da8622b14eb17ae2831f4ac5b9dab84a,2018-04-24 14:35:13,29.9,7.71
ada32b6f0cb6b0a58d13dc20a423f2fa,1,2ba4dc95f18bb2bedbef662cb24de95e,a2b5b6105ea5942300631d2e76f4ffe0,2018-07-30 09:18:32,329.9,29.56
ad33ed1fc2b45e7f714e3cec25e31334,2,4e1346d7b7e02c737a366b086462e33e,1900267e848ceeba8fa32d80c1a5f5a8,2018-07-24 14:04:07,11.99,18.23
39f9559c0533f3ea56143c01bfdd7d9c,4,ed1d57799b8b974641a1acb3fd994016,acf974e4d5950ad143a247471b831eb9,2017-03-15 02:55:26,40.1,34.97
c1e8a7211f3b7ecb71cf5e740ad0e3ad,1,5babb170cd172ec25690087d7018f26c,609e1a9a6c2539919b8205cf7c4e6ff0,2018-04-13 19:50:54,59.9,19.39
d844cf5434575b8359b353fe82fb8d67,1,d96cd2197b0be40a66b1279c910e0921,eb4df17aed01d918c65f0f8d650900c0,2018-05-28 19:17:29,318.98,17.11
1d2985e523eaab9f73fa2a2e820a6b12,1,6761b88d4716b34a0d41bb8d13e20db0,4a3ca9315b744ce9f8e9374361493884,2017-11-29 22:53:55,109.9,15.52
9f8177425941a76fb6aece9cb6d05660,1,c9798643ad1a1a5a02c1bdfbafa78323,eeb6de78f79159600292e314a77cbd18,2017-05-17 22:05:11,159.0,14.88
829d14a0e060598e3de477687e72a312,3,f7e5d0186f539b61586d7ddd247d2996,8a32e327fe2c1b3511609d81aaf9f042,2017-08-06 23:25:11,12.99,9.34
2ba9fa7ab61d7528fd77a35c436e7bff,1,c69da983317ecee971f64fc8202c959a,9f505651f4a6abe901a56cdc21508025,2018-02-22 22:46:46,14.99,11.85
e672d31feca356c29c756d265da05cc2,1,b623b7cb05ee3248fbe4a6ecbeed79a4,7aa4334be125fcdd2ba64b3180029f14,2017-12-14 16:19:23,70.97,28.9
37efc102e49c3219c6ca92ce169327c9,1,06edb72f1e0c64b14c5b79353f7abea3,391fc6631aebcf3004804e51b40bcf1e,2017-07-31 18:35:15,45.95,11.85
03edbc910db946c979e09e67eb6a0d9f,1,fb69f3c3b63f63da92e215ddf61e0b01,218d46b86c1881d022bce9c68a7d4b15,2017-12-28 07:17:58,91.0,12.98
299a083b6bd82294402dfa7d0df9980c,1,4293865e4ead3d446609086b4cfedb4f,da8622b14eb17ae2831f4ac5b9dab84a,2018-03-27 10:10:37,129.9,31.29
eb3e4a3528dbc170affc24a94e97f638,1,4e1d8ab59a756d83db0a0902c1342e11,7c1fea10b5b006671d608b1d7c446ec4,2018-02-15 09:32:27,29.9,11.85
c55952869834f4b020085963bd0cd2ea,1,b95ce147ff20af1909bd69a2901e39b2,5c243662ce92d84573bfaff24c3e3700,2017-06-15 02:45:28,209.99,36.79
ff558458632ada968431a2f973c209c6,1,c1f5307decb89342351bec53668cffd9,ea8482cd71df3c1969d7b9473ff13abc,2018-03-07 23:50:33,29.99,15.1
6a2b3feee73111d5aa745d2f48878d01,1,ac305a1e7e7b958e961fd896ef1395c4,25cf099de44674fde97473224f9d59ab,2017-12-11 09:16:51,20.0,7.78
5798e78e71a22ca63000082377a15073,1,0aabfb375647d9738ad0f7b4ea3653b1,37515688008a7a40ac93e3b2e4ab203f,2017-10-10 10:14:23,19.9,11.85
6112465ce26bd647dea31c662d04cbde,1,a237de12bdf0bfe4fe220bae65a89731,6c7d50c24b3ccd2fd83b44d8bb34e073,2018-03-08 12:15:42,45.91,13.37
b89851145dc1888ce963c2e7da8ce7be,1,017457b0013d01d5a5a4a020ed1f14b9,d5c530f4884a75ae0dba9c148718d278,2017-11-30 02:13:02,27.95,20.84
10d5f0eaccc82a1edadfdf784a8c2928,1,278cade00c52e9e5c49c7c32c68872cd,18a349e75d307f4b4cc646a691ed4216,2018-08-29 03:55:19,28.99,8.36
40753325f836f577dd8bab3f0e5807e6,1,f30f863c9a7488715d627cab44ffbd4e,c3cfdc648177fdbbbb35635a37472c53,2018-08-20 20:49:42,139.9,19.08
0a31cde0de75146ec6aa043161f74cf3,1,21c00997a28e1efcdd07c8a67f26d4ce,ceaec5548eefc6e23e6607c5435102e7,2018-07-25 13:30:38,229.99,58.09
d3a04a6a99a00682ddb37c44e1b642a7,1,52b3af7304d611855714d9b3d1724ea7,4a3ca9315b744ce9f8e9374361493884,2017-08-16 11:35:21,48.9,15.1
305c60efcc38cee62ca817de65418a13,1,f8f93700c26007f74716eca57d217cfd,d57e18d5f73c7ccb7f7339b61166898d,2018-05-07 06:12:48,66.9,8.88
c69be353fa727fbeba5c4b39dfb9dbc8,1,d04857e7b4b708ee8b8b9921163edba3,9f505651f4a6abe901a56cdc21508025,2018-01-11 16:06:55,64.99,22.77
f8255f2c9dfe786bd8418b4a121bb914,1,b25a0f93e25104798df2d1664495d157,1025f0e2d44d7041d6cf58b6550e0bfa,2018-01-18 22:30:26,38.4,9.34
508e50f7d8c25e1a24d9d21bb4adaa79,1,55b71bf300a2765a382eaec566df531f,54a1852d1b8f10312c55e906355666ee,2018-05-17 04:12:16,74.99,23.1
4e4130337193dc0b97e9bbdcf262a965,1,65b96f012e6206481aeb67d31dd9b146,6560211a19b47992c3666cc44a7e94c0,2018-02-27 02:31:28,69.0,14.23
e9e76f41dadb7c83d5f8dcbd2ca7473a,2,875fb9ce8ae73f00dff3c9e0f710fe84,81336a0f57a33776419727a300249e90,2017-07-31 14:23:31,7.99,11.85
b155e2a8589d40bc9c0381ee48e3204f,1,44aadbb26d5c81d9846b0c48bc00d7a3,2528513dd95219a6013d4d05176e391a,2018-02-13 02:52:07,28.9,15.11
e9c4c61fc2e0849ca2bf702265e47c91,1,c4baedd846ed09b85f78a781b522f126,a1043bafd471dff536d0c462352beb48,2017-12-21 23:53:50,89.99,50.5
40bc1f323f6bb2c5fb7d2cae41952a21,1,52d7a7207b9646509bdc754fed3a0cef,cca3071e3e9bb7d12640c9fbe2301306,2018-01-12 16:52:29,52.64,11.87
47e8cbf8f737294d8ca46cb2c4229cfc,1,acd87806fdeb28ef871e3a33bddd93a8,31561f325664a8a7aba4c8d0c3a9b3db,2018-07-25 21:05:07,39.9,15.38
74961e9aef3b109cd91120c7697363af,1,19c91ef95d509ea33eda93495c4d3481,06a2c3af7b3aee5d69171b0e14f0ee87,2018-07-13 18:21:00,122.99,30.11
a03470241e25eb070bf902c2c1914658,1,bc2d6310e5cbd60facb2f9c8d9471597,dc317f341ab0e22f39acbd9dbf9b4a1f,2017-08-15 02:45:21,629.0,59.47
8b611528d5c0397b9573a1652874bbee,1,cac9e5692471a0700418aa3400b9b2b1,7ea5bfa6c340f58f8e71fc1f0412b0d6,2017-12-22 12:45:35,124.99,21.67
f37cdd40de53fd4b961aa07433c716fc,1,27f53b8bf57426361b3e0174c16232e3,4d6d651bd7684af3fffabd5f08d12e5a,2018-03-08 13:15:39,119.9,15.59
d520b96e396bd11c8861b4310c25388b,1,2ff995aead9c63a1f37a07b3664ead37,8b9d6eec4a7eb7d0f9d579ce0b38324d,2018-08-06 20:10:11,74.99,17.16
a2b98e0d4c46ef327bb78d902bfaf7b3,1,c3f7eb8e0fbdf18288a87f5f2f1c0501,b335c59ab742f751a85db9c411a86739,2017-07-19 17:25:14,76.99,16.3
30cb9807736cf9827533cf34b10969d8,2,fe59a1e006df3ac42bf0ceb876d70969,25c5c91f63607446a97b143d2d535d31,2017-05-25 20:02:23,809.1,40.18
dcc687639a7cb64baa13932efcd03265,1,4d0ec1e9b95fb62f9a1fbe21808bf3b1,8160255418d5aaa7dbdc9f4c64ebda44,2018-05-14 20:54:48,109.9,19.74
0b0334d5ad01e008caafb19973bf1acb,2,07a2b4290dce4edc619005d1a6348439,b499c00f28f4b7069ff6550af8c1348a,2018-05-02 11:09:03,59.99,19.39
9376d48a8f0dfe09122a2e197aee2436,1,d4a3a15f99c94c6741d16d3375b928e6,6560211a19b47992c3666cc44a7e94c0,2017-04-06 13:05:51,49.0,8.72
2304fd42f10881dd456928039a1ef576,1,4ac50dbde931c0a5ed8c33d3dc047351,e5a38146df062edaf55c38afa99e42dc,2017-09-01 13:25:41,61.8,18.67
5266088c56ae6a700425da42e273e7cd,1,43706a3188de57bb50aa9f10e3b2fbde,11bfa66332777660bd0640ee84d47006,2018-04-06 11:30:13,12.99,12.79
583174fbe37d3d5f0d6661be3aad1786,1,55a1e3d39ace9c0b217f6c30b04d43c0,0be8ff43f22e456b4e0371b2245e4d01,2018-08-08 19:24:33,89.9,9.38
69aeb590d8f4455ab0bb6b95154c2742,2,f7f59e6186e10983a061ac7bdb3494d6,729f06993dac8e860d4f02d7088ca48a,2017-09-04 23:25:33,34.9,13.37
3d9b458bd64047cef13d3c849d378dfc,1,49eeae59754cbcf1abeeffb8f51184ee,972d0f9cf61b499a4812cf0bfa3ad3c4,2018-01-12 17:06:26,69.2,20.97
b56797ea631520e4e802653f5b16f58f,1,9fc98e39f04be8e382d8aa5e259f5489,d2374cbcbb3ca4ab1086534108cc3ab7,2017-10-30 10:35:18,44.9,12.69
9b4f84a4215a234a6e69b47e77183d4e,1,7340a3839a1de1e99d149b8cf052a2ec,4a3ca9315b744ce9f8e9374361493884,2017-12-20 09:55:23,69.9,12.83
dd1eff57387644bafd3823d2d49560b7,1,c6336fa91fbd87c359e44f5dca5a90ed,4c2b230173bb36f9b240f2b8ac11786e,2017-11-24 12:11:32,45.9,8.72
9028c9884410afc6037fa0ade14eb571,1,f40db27e4f52937182f6294988231376,17e34d8224d27a541263c4c64b11a56b,2017-08-03 10:30:22,189.72,13.67
d2116792f51c05e63040003857b5fb91,1,99a4788cb24856965c36a24e339b6058,4a3ca9315b744ce9f8e9374361493884,2017-06-30 16:15:17,89.9,12.13
0ce8dd4235e50ae2f8beff18c2ae0c26,1,bee84ad17517656f609763f0b124c7e6,0c8380b62e38e8a1e6adbeba7eb9688c,2017-06-27 02:23:49,89.9,14.36
ffb73c3b138a51d4c3a2b7f60c5f5de7,1,36ea81e90d1292dcdc3ad8abb09c20fe,a420f60ff1aa9acc80d0e42959f2b313,2018-02-13 22:30:31,73.5,11.73
4fb5f75a2ff520a28e987e6cb5435022,2,0335b2f76fdeed85180abe8c6c444aa4,7c67e1448b00f6e969d365cea6b010ab,2017-09-19 11:35:14,159.99,18.83
fffb9224b6fc7c43ebb0904318b10b5f,4,43423cdffde7fda63d0414ed38c11a73,b1fc4f64df5a0e8b6913ab38803c57a9,2017-11-03 02:55:58,55.0,34.19
a7172161f4280142285eebbe70b8c8fa,1,d3d090c53e5d9ce8cc671f26eec8e2e8,0adac9fbd9a2b63cccaac4f8756c1ca8,2017-03-13 03:55:30,49.9,16.05
5edbfc23c079ce692dcd845d4c5a0580,2,a1dd59756b92c62cd39375d0b0222698,1900267e848ceeba8fa32d80c1a5f5a8,2018-05-10 14:35:29,19.9,3.37
7ef259be178f9f06c72a57add85b71cd,1,f4f4debbcfcafe6858d1e37a1f6e436e,5058e8c1e82653974541e83690655b4a,2018-06-28 17:13:19,139.98,232.69
41e12d2c0b4b336d20ccb6d37cffdb17,1,8f211599d0cde9d8551a6984d758e1f4,33dd941c27854f7625b968cc6195a552,2018-06-26 16:01:13,1377.5,65.29
33a08d5c54f24e209c3a1c2c9fc40c97,1,36940188c2ad1a212b94931a08cc3c29,2138ccb85b11a4ec1e37afbd1c8eda1f,2017-10-17 10:56:18,49.99,14.1
ff632bc583a94f23c59db4cbaa0ba2ab,2,43b54d1fc56ff394092a3dff6be2d39f,c70c1b0d8ca86052f45a432a38b73958,2018-05-13 22:53:41,110.32,7.96
5471d26176ed00eac0441e43fe12ce01,1,2345a354a6f2033609bbf62bf5be9ef6,ef506c96320abeedfb894c34db06f478,2017-04-06 11:42:47,31.99,14.11
6acce0b54d9a0e8dab044bda974b383a,1,e0d64dcfaa3b6db5c54ca298ae101d05,4869f7a5dfa277a7dca6462dcf3b52b2,2017-10-03 03:05:05,158.0,21.6
0566f139f1d1dff8ebfb3b1233ef4dd0,1,4d1cb16db8705120e188da9c8a10ba93,8c16d1f32a54d92897cc437244442e1b,2017-10-20 13:14:15,44.98,16.79
51a6c901712ba9639464fa07a52b4fa2,1,6eca85eeeb222dea025ec02b288a09a8,4992e76a42cb3aad7a7047e0d3d7e729,2018-07-30 14:05:31,39.9,9.03
e3e62e0e951111bfe905b90ad456e0ed,1,e94df75b2e9a8b056be0c144a731f55c,5cf13accae3222c70a9cac40818ae839,2018-07-19 15:15:13,94.9,19.85
db5a41f8a08f620920c7c413e91a4438,2,1fe1f9dca96414bdc282cddb276db70e,3df020b72d3d44b3af9d110fa3940b65,2017-10-23 04:25:08,49.9,16.79
db7278dea8450817ee8e59fd074eedcd,1,6001f761aeace35d6f7a724813b4a098,c4fabeea6e569d42d02993bb1f4f1cbc,2018-08-16 02:45:15,70.0,60.77
b63262d64190314592077ae012a3e049,1,e5ea77a1575b40961598bca64f081976,4a3ca9315b744ce9f8e9374361493884,2018-08-14 15:04:28,99.9,23.5
1e48944f586b8b17f307ac4f5319b0c2,1,53759a2ecddad2bb87a079a1f1519f73,1f50f920176fa81dab994f9023523100,2018-04-19 13:29:55,53.9,13.46
af4c2f98bd7bd3031e4e9f8db1b4e9db,1,564d0015be20622253aee5b6e875bea8,ef506c96320abeedfb894c34db06f478,2017-10-26 03:05:54,29.99,15.1
65cec19435e12006a71190074e5eec64,1,389d119b48cf3043d311335e499d9c6b,1f50f920176fa81dab994f9023523100,2017-08-22 10:30:15,59.9,17.67
a4d63c74eb133a700461000c2e8df158,1,0067f97995b0c3a86739734dc87ee6b6,6560211a19b47992c3666cc44a7e94c0,2017-04-28 19:15:12,79.0,14.31
712ddc2da1bdd2e1b5f6baf0171860c2,1,77aadda8f3636c56d2e32ebf735426ba,dbc22125167c298ef99da25668e1011f,2017-08-16 22:04:43,117.9,38.38
892e01736ad734f028d207bb6578ff85,1,4bc3ab2ff016887e619e587a993af3bf,7e93a43ef30c4f03f38b393420bc753a,2018-01-11 15:09:27,229.0,16.35
94f15892b1b836f7ffd99db3f29be99b,1,5b3ab91e567b3e46074a3507b06c9ad8,fa1c13f2614d7b5c4749cbc52fecda94,2017-11-30 11:10:30,149.5,15.8
c974f0eb10f24498b3e0863a5195b748,1,e182a4a7b0d3ed72d987ffade7df87f4,17ca9b9e9b9ef8fdb529001b49ebb50f,2018-08-17 12:25:20,39.97,8.79
730c83933acab283b21bae7b3fcc91d1,1,d102ed54656bd3eaf5bd365494e08bf6,5b67882648febfb6e1225e6ad7164f6b,2018-07-09 09:32:27,179.99,26.26
4a366e6974586cb4b230d85c8ca77186,1,70869aae4d447a8815db20569604a9e7,bccf933e006e9b94a6184af782963e77,2018-04-19 10:15:13,129.99,26.96
37cacebebb14aa6cdc982d4eb40b9441,1,2629c2e1e3a0b360912763741f1bb7ef,0bf0150d5b9d60d9cd2906003332f085,2018-04-26 13:31:21,64.9,11.15
5a854278109ac48d0a19b5a30590af27,3,f8bf29282300f0f7c655e3caf53f17ce,282f23a9769b2690c5dda22e316f9941,2018-02-22 14:47:00,35.7,17.92
dc1e38158c000863ec33ac43a40c3366,1,ec1faa2edc27ce32372fee59d1f9e969,cc419e0650a3c5ba77189a1882b7556a,2017-12-08 02:31:28,29.99,15.1
b39ecb6c0af8f006d1bf639d962fb92e,1,027cdd14a677a5834bc67a9789db5021,81f89e42267213cb94da7ddc301651da,2018-08-17 09:10:12,64.0,13.11
221184b144deebdd34aa73473f31402c,1,a62e25e09e05e6faf31d90c6ec1aa3d1,634964b17796e64304cadf1ad3050fb7,2018-03-27 10:08:12,105.0,9.27
2aee9216e013859db72c7eae0a7dadc1,1,6f1b3488c5314b527201978357a8d85f,240b9776d844d37535668549a396af32,2018-08-16 19:10:18,259.99,21.01
a2d927607d821f3655717e2aa7eaa3f2,1,f34152d311875e9da480bd51f495155d,85d9eb9ddc5d00ca9336a2219c97bb13,2018-03-06 22:10:29,38.9,12.48
9faf745260884e1db917c4716491d1dd,1,304104a478e3a605db6072a22e4ee228,31da954dc0855f2495c6310f70a2f931,2018-01-16 21:49:07,299.0,34.54
c1b478f170d1ec5c4ff6ea07039fb276,1,074112f674682b5e218463ce1732945b,fec8cd45395b3cb0c2b173d7739706a1,2018-03-26 21:50:25,320.0,35.1
2189323f24aabddc8f324451eb75419b,1,54c966eff52b73559d5677724b47849b,fa1c13f2614d7b5c4749cbc52fecda94,2017-06-08 18:55:18,599.9,17.95
4203d26d53fe22ba2d148af7c1a23028,1,fad9c24cf8c042a01ea0f381957f9ea5,7238f877570096ae403c51898fa64566,2018-04-17 19:31:43,400.0,17.68
d4cc7ecf339a0fb8549f1227d0b29de9,1,f64673cee0ed4c2b137d08a3dc4e855d,5b8154610ebb21fb90eb587365e673df,2018-01-24 22:30:55,56.99,17.65
cc02601c19d68cb1a4cde5a11aec694e,1,77ccda894b672fe1214b0101d108d7f7,13fa2a6c6b9d0f43cb588d7c82117a12,2017-09-15 00:30:19,399.0,15.81
772af06ac77da4c6588ea39bf6a8f1b6,1,6e4918d7c7d1499da5ef7bae5e0cdef6,8b321bb669392f5163d04c59e235e066,2018-01-25 21:12:27,9.9,18.24
a6e8ad5db31e71f5f12671af561acb4a,1,9759a740aa84f55b71c0c8c306a80737,c9aafcd0621b2207c10e32c649cada4d,2018-08-13 16:15:21,17.0,12.43
46a807245872949237fba36f6f00b2b4,1,5403528d987ad26e8d7cb25940411987,6560211a19b47992c3666cc44a7e94c0,2018-08-14 15:05:17,49.0,18.44
1927dede91841ae67045915ce6fd11f1,1,36f60d45225e60c7da4558b070ce4b60,88460e8ebdecbfecb5f9601833981930,2018-03-05 16:56:17,67.9,15.19
594ad966cb8b56ec21f4b3c9b7048505,2,42a2c92a0979a949ca4ea89ec5c7b934,813348c996469b40f2e028d5429d3495,2017-07-05 02:50:33,59.9,17.13
aa0ad7208dfed775d5b4afb627cef397,1,0e323ee8f8dc60a0b875e9ac4daf1337,e62b2d6ac10570a035a30bafcf01d263,2018-05-04 11:52:08,52.0,8.29
f92c763c0b65518cb642202c62761040,1,6030758c474a231c434e17cfa97f951b,2b1a40c1daabc6ca280c4b815c101841,2017-05-30 13:50:23,219.0,20.39
d4f373442b0a496652c35a6138a6bdcb,1,972c34115d851ba523bc16ec0ab2b098,7c51de0ab286204ce75ff42bf7c10d92,2018-07-27 09:03:26,228.0,52.32
a619ec6622eccfa387cc9528136c92dc,1,01a52711e989a817ab8100ddcf8d2940,06bb3a2fe5e7b7a845b13e8fb91bd944,2017-09-27 14:50:16,129.9,12.61
4cc1cf702abc75af4f48044d526062db,2,4363f22966358bced013833537034474,cac876b37d3abcd6bd76caca30277996,2018-02-20 14:50:36,89.0,14.35
c5c3f8505307266d936b0127ad17be75,1,717c660fd7ed52fdaa650d509dda7912,6a8a889bde935bafa76d7848782dfaf9,2018-05-28 09:13:07,25.49,8.29
dc5288fd98f63b9a6162fecb9e96937d,1,154e7e31ebfa092203795c972e5804a6,cc419e0650a3c5ba77189a1882b7556a,2017-11-08 14:05:58,23.99,15.1
278ce3d59dd06d461a1a4d6703790ae9,2,ffbbf6b9097237a1122f17e7341a3fb2,9bcdfa7b615b3abb9461d9e3ad9886ae,2017-03-17 17:38:51,80.22,14.73
5ae83f493320d31409a108dfd7aa5c20,1,090ab1523d3fe5832c09a55b7195e32b,ef506c96320abeedfb894c34db06f478,2017-04-17 12:25:53,19.99,14.52
0b941db180b52d77ad40655b465e6632,1,715de93e3ca2fa3b11430ae2914d2203,e9c6969d40e6a3d2d0f90013165c2b98,2018-01-12 15:19:26,179.0,18.0
d94b232e72e4c7c22f765be9ee391b3f,1,c78b767da00efb70c1bcccab87c28cd5,85d9eb9ddc5d00ca9336a2219c97bb13,2017-02-07 22:08:40,26.9,10.96
231acde8e06eda65e8b7d6b04bc7260b,1,521a361808bedd9fffb32181e501e09b,5b179e9e8cc7ab6fd113a46ca584da81,2017-07-11 02:45:11,149.9,18.3
3ccb8870c169b9a65a6ce1b3736c49a5,1,24f9bc76d458867944921094745b5473,7ecd59e5e20407131822c1a68ac59c1f,2017-12-28 18:19:36,59.99,16.99
4daff85e0d1a3a189c1303c9ade1c4ab,1,5b8423dc7f23089c9c59c5d140eb5a1c,c8b3445d737de6befde0c88ede534a5e,2018-05-22 02:53:53,139.99,34.97
89cfcb71856f9da1d6657a249ad239b2,1,7564c1759c04fc0a38f2aa84f7a370ee,6860153b69cc696d5dcfe1cdaaafcf62,2018-08-21 19:30:24,45.97,13.9
2bc6b2e1b00cb3b80c0386a7cc089210,1,914c9e9af640dd56f48764a225b00f89,7c67e1448b00f6e969d365cea6b010ab,2018-05-25 20:55:39,79.98,22.87
d5df7cabf2a09710613a5ec9d089150b,1,222684e29ad17ce818d1b01753c0cfb8,fe2032dab1a61af8794248c8196565c9,2018-02-21 00:30:53,233.91,9.83
83e34d8a4210318b0fd15ce71350db6d,1,d1c427060a0f73f6b889a5c7c61f2ac4,a1043bafd471dff536d0c462352beb48,2017-10-30 03:14:59,149.99,40.38
67bc7ff7cf5396dc164d5d3c3d251760,1,461f43be3bdf8844e65b62d9ac2c7a5a,4869f7a5dfa277a7dca6462dcf3b52b2,2017-12-04 13:31:21,129.0,26.1
a6e7e7222c014201fbfcdfb8c4593ce7,1,bdb4be6ce2f7f2b5be0a16088028c7fc,955fee9216a65b617aa5c0531780ce60,2017-12-14 15:31:59,85.0,14.2
ab65887d04b631b6d83004bfb47fba02,1,05af73bb3143cbc5233c1cdff4a767b5,1dcfa3835714681d4ba4a93bc1e0fd41,2017-08-09 04:30:26,79.9,15.31
ef690426d84aff4f5560cb63d1092557,1,2b1736cd698222fad698e3c1be9dd4a3,f12ff17ad8bbf01ec5c33b17e506649b,2018-01-12 16:28:17,110.0,20.26
baf4bb57bdf5e14c67c2389a48864acb,1,06bf70b6e1d67d96308235ef350edc61,2c9e548be18521d1c43cde1c582c6de8,2018-09-03 16:30:13,79.9,29.31
00d5fac7792747fba4b528f23930bebd,1,616042729c11849827291496b18e9ec5,6b243f80ed07b10f0e8aa0f21a205f3c,2018-03-12 11:55:39,64.9,15.33
a2e4c44360b4a57bdff22f3a4630c173,1,dcecb611ba878d5d8c7853585b285c12,8cc6a0e5738e61a87b03c78b2ba9db4b,2017-02-10 20:18:17,19.85,10.96
62be3a00ba095e9cdbe1fe482e6130a4,1,b66270a5d5b3a8585f8314b2f14420fb,9b013e03b2ab786505a1d3b5c0756754,2017-10-26 02:49:29,48.89,16.79
8092da256aefda13b330290d2ca86521,1,93c902b021a9e594f658ab1b0351602a,2e90cb1677d35cfe24eef47d441b7c87,2018-08-29 17:30:40,103.9,11.75
380bf78bcf690a6955b8f1de575e26ba,1,025249b91a565601dc1b8f47ee7a230e,fa1c13f2614d7b5c4749cbc52fecda94,2017-03-16 16:49:30,239.0,15.84
309de5faf9baa8961fd068f3f4e44dcd,1,a12c9204f6f9e90ad1d8ba5571fbfed2,f262cbc1c910c83959f849465454ddd3,2018-02-06 00:50:40,29.99,14.1
cb896c46d38595d3eef1b8aacc192997,1,1468c44dd6c3ecaa8e9b12a8a2a7ed0c,7e93a43ef30c4f03f38b393420bc753a,2018-02-27 10:31:45,155.99,34.89
cba3ba41fc11892527457b4be8d57308,1,ffd4bf4306745865e5692f69bd237893,d98eec89afa3380e14463da2aabaea72,2017-06-05 04:50:26,24.99,66.13
a2c93edc2fa319d3e6aa9e18dc4b3b19,1,ed08c988bf45ddaed9d83ed92f015ec6,2156f2671501a81034d7d07f217609d0,2018-03-12 03:55:57,85.0,15.47
928292f8c5111a3b8bbe94e6cfc7900f,1,9f890da4bf8473aca1996ca037005902,dc4a0fc896dc34b0d5bfec8438291c80,2017-08-04 11:45:17,28.38,15.1
491c5fb7589518eeceb842216e1b4441,2,b60c241f66e031959b70e1c60725f0bc,1835b56ce799e6a4dc4eddc053f04066,2018-03-22 03:25:20,53.2,20.6
798e490407d2a787a92d3b4769cd94a1,1,93c902b021a9e594f658ab1b0351602a,2e90cb1677d35cfe24eef47d441b7c87,2017-11-30 01:29:11,88.9,11.83
96eb7f709abac11cbb2502c63d8c1ae6,2,ea28ecb788ab4fd8d5dc8bd4b4274209,82e0a475a88cc9595229d8029273f045,2017-12-01 09:50:40,75.9,14.28
694809b480ae4b3b1e2b5a94c738b7fe,1,cd8ae7bcd06f2f7a49f20424afa80f60,7586919161935337bf6b6d7ff5779648,2018-02-01 22:54:27,19.9,15.1
c012d344cb9c8788cdbf60b4e4d1fc43,1,cd58b9f614170d691ae0b6049f842894,b4ffb71f0cb1b1c3d63fad021ecf93e1,2018-03-30 10:35:33,19.0,22.85
2f8f31eb2f7b6572836d662a6625c8e4,1,5415fa4d6c000c97cddafcf0419b09f7,0ea22c1cfbdc755f86b9b54b39c16043,2017-02-11 22:52:44,34.9,10.96
866968d6a38b907a312ffddbe6287d8e,1,8283442d1af5a158404e8f4cb53a2090,8581055ce74af1daba164fdbd55a40de,2017-04-20 09:55:09,26.0,11.74
9a17a8d78fe01948345e0beecbb3f879,1,09dbbe2c4f26cad4d560aea043f9632c,c6bda72e4dbf5c5866b13cb1810c6d03,2017-12-05 12:52:57,109.9,9.58
31663706a4dce48b09b134795a339baf,1,2f13d1dc8b4e1d9d8027be50339546a9,1025f0e2d44d7041d6cf58b6550e0bfa,2018-06-25 03:57:13,105.0,18.54
2e55db958a20257bc57183a4e74e6b47,1,b84520a57891e7a8ae2c68741dcc7146,6560211a19b47992c3666cc44a7e94c0,2018-08-01 17:05:13,45.0,18.99
e88f2d374afb179c85305c2e855f9d04,2,ace5d86cf1ac63cdb76f49e5cd23d2f8,cca3071e3e9bb7d12640c9fbe2301306,2017-08-28 16:08:44,50.9,14.64
7a35319beabf36472c45cc9ba67f0745,3,3e78cdf699d65e94e6a716be72fb4472,45d33f715e24d15a6ccf5c17b3a23e3c,2017-12-06 23:55:06,59.87,3.85
b84a1e6e6311e6c40724fee7551a915b,2,a72209f6ea270769cecf0ed4168d3893,42bde9fef835393bb8a8849cb6b7f245,2017-10-19 13:45:19,59.0,12.57
b50261ba6fd497d968f45d9687e27e84,1,4e9e7d1bed5934971a6ac480a0f5069f,232a6014e7b10cba61c6c2b2ea6bb4b0,2017-02-25 15:45:17,84.9,35.21
eaa755795bc07ae1c3d55d7f6efe1dfc,1,08c816d9a716567bf436173ef6f5f12e,5656537e588803a555b8eb41f07a944b,2018-02-15 02:35:47,19.89,17.63
5ad7d897998f9bab0176a1c82b7437ea,1,4660d9b4ae2a49dc7a5cac39499b204b,7ddcbb64b5bc1ef36ca8c151f6ec77df,2017-09-01 20:25:37,76.99,14.29
609d36dbce43c3ba5232f83d58381f00,1,b07c5f16cf1691a1b4b959a974929c9d,5343d0649eca2a983820bfe93fc4d17e,2018-04-02 19:50:22,226.97,108.61
3fe3d1ba41519dd81c6d6ebde0c8801b,1,a961143b53bf771400f1bc6bdf396e8d,5011f0d93373a4c5753adf58ca77af8d,2017-08-24 03:24:14,19.9,15.1
c52a603ac74efb60aefc2f0e79d3a432,1,430d215740da7fdda91cc938f8fd92f6,0887a9f087bcd5d9f6642b52f897fc6c,2017-02-06 15:22:02,104.0,21.18
bdc50bb13e6d041fb5d868ec076072b6,1,f03859e4cc21018569f5ae7a03897ff4,7299e27ed73d2ad986de7f7c77d919fa,2017-09-08 02:15:14,49.99,15.1
1a4f3b996d84b463e4d60ba560d0dd94,1,4fbd4e814c8577d98e19118fc07ba3af,ececbfcff9804a2d6b40f589df8eef2b,2017-12-04 03:26:42,27.99,15.1
b708bcdd3889b8e6df7323fcb64bec79,1,2d0090282bd77e1ae0f6336ba500facf,4371b634e0efc0e22b09b52907d9d469,2017-10-18 03:20:54,30.0,11.85
bb9a2de2f513259a76f6cab031523257,3,37583bbe907fb493b9b2efdc7b24ab54,d94a40fd42351c259927028d163af842,2018-07-30 13:31:35,25.0,21.76
bf6d16740d1cb07a4f223b7b367538b2,1,4724ffa427f315c485e39b02e21859b2,955fee9216a65b617aa5c0531780ce60,2018-01-08 13:13:22,12.0,7.78
d6d81bd1355195a80011c4040eddd98a,2,cf6020146772dc8cdcd583c1651170a1,3d871de0142ce09b7081e2b9d1733cb1,2017-11-17 03:27:34,79.0,17.8
19549a52bf4ab2fd2bab7f190e21a4c8,1,18ab9bce7759767eff9cfcbeb6de70ce,d91fb3b7d041e83b64a00a3edfb37e4f,2018-06-14 20:30:57,35.0,22.06
621419fdba0dc2eb4a35f91fc6c74c27,1,2b4609f8948be18874494203496bc318,cc419e0650a3c5ba77189a1882b7556a,2017-06-28 09:23:41,89.99,7.88
079f16689c29acb6cab92978e6af2137,1,aca2eb7d00ea1a7b8ebd4e68314663af,955fee9216a65b617aa5c0531780ce60,2018-05-11 18:15:13,69.9,0.0
31282ee0054022835d9fcedb4efaee01,1,f045db2493d42bb131ef8e37c3aef061,dd2bdf855a9172734fbc3744021ae9b9,2017-05-29 14:22:53,259.9,12.43
8eeda294fab8a5ed70259afb59a10ff8,1,dbb67791e405873b259e4656bf971246,00fc707aaaad2d31347cf883cd2dfe10,2018-02-19 01:35:40,80.9,12.7
78b1c0f489ac4c36072ce8ebdedbfa3d,2,2ff995aead9c63a1f37a07b3664ead37,8b9d6eec4a7eb7d0f9d579ce0b38324d,2018-07-09 21:35:10,69.99,17.12
b8a64156dccb910f2ed2aaf65e6cc5af,1,ecb050847b3d0db36fe380cf68ad02b5,7142540dd4c91e2237acb7e911c4eba2,2018-03-08 02:50:56,134.9,13.96
f2096a3d2bb2743b500f6e6711cbf438,1,6336e61e06e1a49c55f632beab8217f2,17a053fcb14bd219540cbde0df490be0,2017-09-12 16:15:19,205.9,74.16
e175cbd518afe4a80b3f5f884ab05450,1,e7f85e7f0203b7b95cc1b4c21b4b070c,ceaec5548eefc6e23e6607c5435102e7,2018-08-13 05:15:16,259.99,83.13
2b10fc23d5db1ae332b19fd2427b28e5,1,382d3a69f930988d7ad77f78f31c0944,218d46b86c1881d022bce9c68a7d4b15,2018-02-07 13:54:57,117.0,12.32
2b83df43770dbcfe61c406dfc453068c,1,efcfadc44ef59e03e6b3875e403d59d3,dc4a0fc896dc34b0d5bfec8438291c80,2017-10-11 04:14:15,118.58,16.59
ca1e3b1d345a9808d206c244778976eb,1,b5e13c9a353102f79c6206ff5cb61a50,a49928bcdf77c55c6d6e05e09a9b4ca5,2017-12-06 09:15:33,89.9,35.14
ea13768d97ab79edb0d45803896a5c86,1,439c095fb7491d1eafaba9c336f74247,53e4c6e0f4312d4d2107a8c9cddf45cd,2018-01-23 13:15:30,39.99,35.86
ca3b58af42b9daa0734a85b70fefb260,1,b3e40ff639c185b9d726b4b19c17e6cd,7a67c85e85bb2ce8582c35f2203ad736,2018-02-13 02:10:21,229.99,34.06
87979d4911d8ddfec45cd5ebccfb535b,1,bd85550f79aa4e7452a75c55921cd5c7,3d871de0142ce09b7081e2b9d1733cb1,2018-01-09 04:12:21,29.9,26.89
194e7b03e4469b2bcc7ba3c353077252,1,aef3e3251c02ee19b8f193f158a49a53,282f23a9769b2690c5dda22e316f9941,2017-09-14 11:15:37,40.5,14.1
e05c5dd39353fdd625c7896938767124,1,de72ea95a1cd05b1a597d294a425be57,712e6ed8aa4aa1fa65dab41fed5737e4,2017-05-10 18:43:11,700.0,126.29
aaff827d79b2aca52ee986179a052077,1,8ccda06566781fb3616d798bfe2fa783,6d22a1fcebb6dd08c9cd90b92a93e8d0,2017-12-06 09:07:31,34.9,16.79
6eccf2d285566975653dcf25ec2f21ed,1,41170f223fcfb9220a82df1a646d5c43,5ee7fd217d08dfe5d3e2f51f96a12c9a,2017-06-21 23:22:21,149.0,36.55
5a630e3d4aeb6fca86404481eb19cfe7,1,f50df9b142a624bf4c4d8495489a207e,de23c3b98a88888289c6f5cc1209054a,2017-12-20 10:14:22,149.99,14.07
93a0f08dc580109e5b1b94f73b728d60,1,685745fc12a6d4344a767bf01fb2d6d1,ef30892870c278497523264be1be2241,2017-12-19 11:54:31,46.2,11.85
a4d782cea9ad01e830a3603bc4e7a716,1,bee2e070c39f3dd2f6883a17a5f0da45,4e922959ae960d389249c378d1c939f5,2018-03-26 21:50:22,180.0,17.8
7ef5eac7150ae4458bcfe5e3151a8f1f,1,dfeb944b00d6cf42f80ee3b42d831ab8,4be6b962d83299498bae2190f95d6566,2018-07-24 11:25:10,32.9,19.42
3365e7a67090957e53e3a06f20029378,1,2029248294c186017ecfc48cecd47bbd,d50d79cb34e38265a8649c383dcffd48,2017-08-21 11:50:12,126.99,38.03
5b4e9a12d219f34f5c2de9f8d620b19d,2,0354c6a8cb8961e29b70e564b93861fe,a3a38f4affed601eb87a97788c949667,2017-07-21 15:32:30,34.99,15.1
9f2c42d6f142a06f2c575576ad53adb3,1,be0dbdc3d67d55727a65d4cd696ca73c,e9bc59e7b60fc3063eb2290deda4cced,2018-08-21 16:50:25,65.0,8.2
186e84bd74bc46e35d08618b33f828f1,4,6a1234a3847f4ef3090a02a8b07fa42f,f0b47fbbc6dee9aafe415a6e33051b3f,2018-07-06 16:30:13,28.99,19.11
223c55ef218f911885ccb9692537c1c0,1,ab1106e227a745836a0dc83b374e2575,cbd996ad3c1b7dc71fd0e5f5df9087e2,2018-08-06 20:03:54,22.6,12.82
7449c171d08772e5bcbde94f39411d36,1,6a595ba787e397469b1a147508f361a9,080199a181c46c657dc5aa235411be3b,2018-02-08 23:09:50,179.49,9.45
4940a0d55a6bbecd485a780083cf349e,1,09b0d15a8cc9a84e7af7e0225f67dc45,1025f0e2d44d7041d6cf58b6550e0bfa,2018-06-15 05:16:15,67.0,17.65
189ad27f3364ce624ac4cf440388ec81,1,6cdd53843498f92890544667809f1595,ccc4bbb5f32a6ab2b7066a4130f114e3,2018-02-04 22:32:33,349.9,21.69
d9ae780e2e7cd20bca43149fc09cf5bc,1,02a97df83a8a100c7d2b14a02aea6a3d,620c87c171fb2a6dd6e8bb4dec959fc6,2018-02-27 22:46:59,69.9,15.24
93c4655e5be1df1a5fad75de93847cd4,1,e558ed9db130cd52586bb4fcb1090132,6cd68b3ed6d59aaa9fece558ad360c0a,2017-03-15 20:19:12,129.5,16.21
373017a71c06fba011a3105cffd46cbd,2,3abb0e27cb9374f334c59074d868bcbe,ca77545ca4d2dfd1431bf61334e2fa3c,2018-02-15 13:31:57,79.9,42.59
66e7b21711a5ac0d6b6a5f60e4c79a75,1,84a517a0e06ef2a45abff3cab3f0ad0e,897060da8b9a21f655304d50fd935913,2017-12-07 02:20:34,83.23,15.33
7b553267b4a47c97b6c27a6aafb549f3,1,2ea92fab7565c4fe9f91a5e4e1756258,3d871de0142ce09b7081e2b9d1733cb1,2017-07-20 03:25:19,79.0,13.57
cb183ad1472c27844f8e8a96ba2afcc5,1,e2fcaac49de7a3a90f0dc74d7b1e9f10,2528513dd95219a6013d4d05176e391a,2018-06-12 12:10:38,219.0,75.8
20e87d0bc3b241dd3b4d34a6446d013e,1,e3db46616e0d26551a86377bab9b0308,8444e55c1f13cd5c179851e5ca5ebd00,2018-08-07 17:12:19,219.0,14.87
101fa9bbc869f267953a48b0f659dc62,1,78efe838c04bbc568be034082200ac20,0241d4d5d36f10f80c644447315af0bd,2018-06-19 10:18:12,99.9,31.57
e9f195e6586d8b704b5bd727b1a2f5dc,1,005030ef108f58b46b78116f754d8d38,3c7c4a49ec3c6550809089c6a2ca9370,2017-11-21 20:50:29,13.99,7.78
6632888390f3af5ed95c013591e1d625,1,70b98d329c7a32c6aaa4f6e13a12ddf6,99002261c568a84cce14d43fcffb43ea,2018-04-27 19:31:31,90.0,14.86
5d7ac6a387319785f60ff58860a82e7e,2,aca2eb7d00ea1a7b8ebd4e68314663af,955fee9216a65b617aa5c0531780ce60,2018-04-23 00:50:18,69.9,12.43
404d71e18721243380c994069a7f411a,1,730e0343a68b7cebc35ad4d14cf9f7af,31561f325664a8a7aba4c8d0c3a9b3db,2018-07-30 13:32:03,54.9,15.48
0f71c6da7b8d96627eb368097e8ca4dc,1,acd87806fdeb28ef871e3a33bddd93a8,31561f325664a8a7aba4c8d0c3a9b3db,2018-08-01 08:05:12,39.9,15.38
3118c0aa61dc4829da442c97ff41d2dd,1,389d119b48cf3043d311335e499d9c6b,1f50f920176fa81dab994f9023523100,2018-01-04 13:08:24,49.9,17.66
e5a82ab3e8fd5f8a2ff5c12f15736659,1,3db75f31b76375c502f64d550dcd1166,85d9eb9ddc5d00ca9336a2219c97bb13,2017-11-22 19:34:22,31.9,14.1
169f444739d294d19e4103e460d963d4,1,87cb507e0daa37bbf34956fd59eba832,6560211a19b47992c3666cc44a7e94c0,2018-01-26 14:00:22,29.0,16.79
987cfe3348684fc007a1e9a4825eadb4,1,47ae44a186225b8a87ebb7bf39cc1444,d4e12e7884759a14fa0f5f896c791cae,2018-04-06 14:51:04,54.9,14.47
4da937ffa1e058f52a9eeb89187d65b5,1,2136c70bbe723d338fab53da3c03e6dc,6560211a19b47992c3666cc44a7e94c0,2018-07-24 07:30:10,29.0,18.3
9a96e09dbc7db0c91c8534a4e3832664,1,a6621d4ee609f3f917d04c11ca8f0161,7aa4334be125fcdd2ba64b3180029f14,2017-09-26 21:05:12,86.99,29.01
f91234b89ca8c758b3d2be234acb0355,3,588ea3decc0d8e1d19ce6160c5b0da1b,955fee9216a65b617aa5c0531780ce60,2018-01-19 15:16:42,169.0,29.58
b760ac65b36c9bbc913c2dd94131faf3,1,52d6f0dc99f96ca1d2ddbb64146f11b0,2e1c9f22be269ef4643f826c9e650a52,2017-12-08 16:24:28,79.49,12.06
959ee23c386c94d0f7b0c514b4901e97,1,30a07db50b0a899b488772fc68e07a1f,3968920b9aa752ab98f7d5888c9252f2,2018-06-11 17:31:46,31.9,18.23
4cbadee3ff54ebcd0ccc6f772738959d,1,914a1be6110e7ce3289dbf55ec0d9704,7a67c85e85bb2ce8582c35f2203ad736,2018-05-22 02:54:27,249.99,10.1
4d29d8084fed9bcab27bf7825de59273,1,d8cbd23e48a0683dba2f7a7b3e51110c,51ed72984a04e5dd35c2b27e77179038,2017-12-11 09:27:16,206.9,21.42
0dc47dbdd63f9e034b321b138d0d9092,1,9fbfc0d1a475bb65f9c0e39bb927a99a,ec80e49e69745ab6c14f984bf2149423,2018-02-23 12:27:16,280.0,17.0
39fe0f3cac902673a46b974f5d4a8528,1,c92f0e7b9d49a9543558d6532772441b,5dceca129747e92ff8ef7a997dc4f8ca,2018-01-11 15:28:08,149.9,43.28
6477737031e3b8c8578883bfa897c524,1,142edaf86e4eb5d0f928534667ab63f7,53e4c6e0f4312d4d2107a8c9cddf45cd,2018-03-30 13:15:41,42.0,17.93
a3ef589d94a7dd3b117dc0e46c29d479,1,165f86fe8b799a708a20ee4ba125c289,7ddcbb64b5bc1ef36ca8c151f6ec77df,2018-03-13 11:10:15,176.99,17.21
9b35de64953b2683c0bb358ffe23e79c,1,fc6f75aed00a45312365ba4a37adb3f6,edb1ef5e36e0c8cd84eb3c9b003e486d,2018-06-15 00:19:57,195.65,9.11
ea37cd94a6d10959260b311f58cc5e0f,1,5094a8f7ab33cba35acfd43d100b3298,d91fb3b7d041e83b64a00a3edfb37e4f,2017-06-05 23:15:17,161.7,8.88
9bfc2f3d9f6bdb2f0222e3220a7385f6,1,abba23912bdeb1990bd1efa30d888384,fa1c13f2614d7b5c4749cbc52fecda94,2017-11-23 18:35:21,139.9,14.73
7ba156322cab03ab9b1d3ecc8cd31d33,1,422879e10f46682990de24d770e7f83d,1f50f920176fa81dab994f9023523100,2017-09-05 06:44:53,59.9,28.82
03d0e68d9f396f3c4e69dbbb0abc3564,1,b22934d8dedd07b3033be2bf6da70bcb,87d30a6a0cbf89356e49324971ab1d24,2018-01-31 02:58:15,46.9,14.1
d3d4b84b9e497a1bcec277409c35176b,1,82fd0e5d33b58ad696f75449679c1470,20b54c376b794ed028df09a3cd88e8dc,2017-09-27 20:10:29,169.76,16.95
9dc19c953a97c92383ff95f54cabe58a,1,95c40b993a22463c83beb5c51a03d46c,85d9eb9ddc5d00ca9336a2219c97bb13,2017-04-24 09:30:15,27.9,17.78
d891fcff7f5720b6a87ecd0a3dbf0c27,1,764292b2b0f73f77a0272be03fdd45f3,bd23da7354813347129d751591d1a6e2,2017-09-08 12:30:15,89.9,15.39
e51859ab3a4df4a9dd8d6f60a060148b,1,8e206e69d390e5a1076e0baeb446b0a0,7e93a43ef30c4f03f38b393420bc753a,2017-10-05 14:14:17,849.99,14.14
66abfb1d97049527979ada02f3ade6ac,1,40bc967f033c88458d226825e3293ed9,e5a3438891c0bfdb9394643f95273d8e,2017-07-19 18:05:17,29.9,16.79
5dd21baa3b88bf3e97bcc80aa1b0b52a,1,2b210308bc3d8dee92cb9d62f7b4bbfb,f7720c4fa8e3aba4546301ab80ea1f1b,2018-06-05 09:31:01,59.9,15.3
d4ccce5bb74fa1b913fefb501f0d63b5,1,aca2eb7d00ea1a7b8ebd4e68314663af,955fee9216a65b617aa5c0531780ce60,2018-04-19 20:30:26,69.9,20.06
05c163d46637e5c0c23a0075dc1c854c,2,5f0bdec2fb222061ed8fe52586a5957d,2138ccb85b11a4ec1e37afbd1c8eda1f,2017-07-17 04:10:34,18.99,8.23
ca6e9fb5f1a78410c6e1a89640efa8f6,1,e4d6002d3e034177ea1f31aa222cc722,7681ef142fd2c19048da7430856b5588,2018-07-05 21:10:08,560.0,19.22
20ea92819d0fe38fe45b7d09dcc1a4bb,1,b59b5899ecf4bcc294a72fdd48adaa94,562fc2f2c2863ab7e79a9e4388a58a14,2018-02-08 02:54:06,29.99,25.63
bec5e390bd832706d84b46aba9c4a83b,1,2535db191954746776aa1f51dc1a9651,ca7c6bd577e559472af1c699de9e764e,2018-03-28 12:08:58,18.5,8.29
5e030812d8c91d9cc0bdf07298bbb612,1,e2c3ed9aaddfd2312a6a5fe9b3ddadd3,46dc3b2cc0980fb8ec44634e21d2718e,2017-11-30 13:18:39,99.99,14.29
74b142d6556fcd693f9151d041d3ef3d,1,ca94d73e8f12ba9a6393af8224536f90,c79151301b9d90985d1fa52879213105,2017-12-11 09:12:09,38.8,13.37
5ae50807e27aa5da76c61f26abd3a04b,2,99d78b96be1452047a05d7e66bad134d,5ef131ac72773e5b3f6c0d63cf424657,2018-07-27 09:19:10,62.0,23.23
48c624d7fc96b46021a6e12536c643fb,1,a39cc58c1b5926b6f9f378daa89f1315,1025f0e2d44d7041d6cf58b6550e0bfa,2018-08-20 22:10:16,159.8,16.42
4ed72b48d55c5cb2ad3a63f2b96dca12,1,252641aa4855aef622089db60c4ad90a,06e5eefc71ec47ae763c5c6f8db7064f,2017-12-07 17:56:33,169.97,16.63
bcc1910aae7e17cc762603b3dbb0299d,1,803f77475e1b51b47f1bfec4f2ec353f,c9c7905cffc4ef9ff9f113554423e671,2017-10-25 11:06:21,65.99,14.21
4200e64fc68666999e2a696dfb2661a1,1,53759a2ecddad2bb87a079a1f1519f73,1f50f920176fa81dab994f9023523100,2018-02-22 06:47:05,49.9,13.37
2bf9fdd42a3609f2c440bec186b10ff7,1,35e5dc947c66435929389d8043b9a6ff,02f623a8eb246f3c5f7c2f96462654e6,2018-08-23 14:50:03,459.0,31.99
e259b06c4b796ae03f30c37990b5e126,1,56d45b2c27871322801134f57d1b9dfb,d1c281d3ae149232351cd8c8cc885f0d,2017-11-30 20:56:36,163.99,21.64
867b894c187b59ff2425447c7c13c898,1,cc8a6ff2506f53b738737ef6b4dccd17,e601b04acf48b4576e73ddca9481f0dc,2018-06-18 02:57:19,12.49,7.39
1d28f6017289eba334290b00546ea432,1,4bb4fb9c85785b75ab4f6559900c7ca1,ef506c96320abeedfb894c34db06f478,2017-03-06 21:30:12,37.99,20.4
7e4a816fdf57a295168f5eb20cda8a1d,1,f4f67ccaece962d013a4e1d7dc3a61f7,8581055ce74af1daba164fdbd55a40de,2017-08-17 10:55:23,241.1,39.53
2e3d78ca3205d0f465ee058d803f4b4f,1,2ca577417c24f9ac43a02a55de095d32,8ab42aa58097fd4668d60cc648225d5f,2018-02-15 14:55:29,49.0,17.63
f15028028ff1a3ccfd539531e3321975,1,59cca754c20b7b0322b24dab95a81be5,f76a3b1349b6df1ee875d1f3fa4340f0,2018-08-24 19:30:12,104.0,30.53
7d83d15f8cf6bff14a6be51ed7d16683,1,121b9686b9929855d823981fc655a6fe,c4fb51fb1c5b7c07bc5e67be6e7e8f6e,2017-10-30 03:35:14,57.0,22.72
45ea696753b4d93fb0cffe87c816a064,1,8cfcfc09db52830c8dab9e5a36d7ae6b,4736e9d642ef4257cd7622516931eb51,2018-08-16 21:30:19,38.0,121.95
fa3cc6b1b48c7b730f6c4c43e423c5aa,1,f087c706a59c175468a1a05c5d2305e5,02d35243ea2e497335cd0f076b45675d,2018-08-08 18:05:31,259.0,44.46
f99c42cf20b64fe3dc045ae83e56f4e1,1,f3ce47ccf98da2906f6b8b1387618e07,7dc8c42cc750eeafea6c85712ffee9bf,2017-07-17 21:55:12,120.0,21.5
d9b690be37895a83c71501e629e0c2ec,1,dca6d5a73e0fb3c97e3fa17fa7f928d7,0cab2da43793a6f3c5ed8514c5f54627,2018-06-25 17:26:10,119.9,15.14
40f036012bb1fb0195ebf7d43b034d72,1,15859e3a8aaa3c192c10a91d8722abd5,e5a38146df062edaf55c38afa99e42dc,2018-04-16 00:35:20,299.9,26.81
ebd182d678f7c5aec1f89d5f6f9848ec,2,d1c427060a0f73f6b889a5c7c61f2ac4,a1043bafd471dff536d0c462352beb48,2018-03-29 02:28:36,139.0,54.72
0c734449f0a8246894a537f0d4355dc8,1,f5b952758d88a5995ae5c8208a63b913,dfc475d54e1b6dbeeb7d7d9bdaa63827,2018-06-20 02:57:34,125.0,26.39
ace92305f332d1f0cee1cf27e79ac5ce,1,35afc973633aaeb6b877ff57b2793310,4a3ca9315b744ce9f8e9374361493884,2018-03-08 06:35:35,86.9,13.63
a35fd7132a1518638f560fec8f10a8af,1,6016ec35b91d455a84929e2066601c01,0aea4c6ae1505b3228ddf3dd7822ee5b,2018-04-26 11:15:16,163.99,37.84
84738ae25273a6a32bc43d0a0156b570,1,96b0a882d11b17ce51238420ec63e3a1,259f7b5e6e482c230e5bfaa670b6bb8f,2017-09-21 22:36:09,54.9,20.87
e9097b40952a79c27bb515bbfd4d488f,1,b45e1c65cd9f63e06b57f502caf50b78,b2ba3715d723d245138f291a6fe42594,2017-10-13 18:35:23,479.9,22.24
3a1a92434eae60a4f44ad7ebef65c3e7,1,a02d0123079f4ae96001ba2010d1a2df,1025f0e2d44d7041d6cf58b6550e0bfa,2018-07-25 15:22:25,228.0,26.58
4380c4ed9da2c69163359909e4e1510e,1,3dd2a17168ec895c781a9191c1e95ad7,de722cd6dad950a92b7d4f82673f8833,2018-01-25 13:53:57,149.9,23.37
b0018957adea4b9acded9df77514b844,1,17878434ca0082537806de545c2f0351,0b90b6df587eb83608a64ea8b390cf07,2018-07-11 13:31:39,140.9,14.33
633500d08d4de68291b91ac828ef3961,1,f74979233a273e0afadf48e39d0c45a4,fffd5413c0700ac820c7069d66d98c89,2018-08-01 02:10:21,94.6,36.01
74ad3397d84521ee94f326aad1a35d14,1,9041a4cde4a900bc259d3b1b6847f6b1,1025f0e2d44d7041d6cf58b6550e0bfa,2017-12-04 02:51:33,140.0,49.51
5dc59cf95fa0dc97fbe9961d2547b278,1,078be1a14d008274672847d880f0bfd5,f214d28e8d8e3ef068748498ccc2f813,2018-06-15 20:31:57,169.99,17.38
71a41b640ae7a650cef9587dd0f3cc86,1,b690fe3d3dd6223b85382ccca04ffbde,c26ba52cf8d2f34915f2f6b7ffa0a3f3,2018-01-23 22:29:53,18.49,14.1
42837323a59d9927261e3ba712300341,1,d8a4f1d4d25d65f4325df92439fbb248,79ebd9a61bac3eaf882805ed4ecfa12a,2018-08-06 02:10:17,129.9,40.1
cf014dc8804713618176fc95af41b221,2,093f7389fa2eccda5e86add8da4aa19e,d0d70d21e2234dd7cd3cf63fe414148a,2018-07-04 00:50:33,54.9,18.43
742dbb1a78c6cd58266bd0ee8fa0c89e,1,5411e9269501a870cabf632f05655131,3d871de0142ce09b7081e2b9d1733cb1,2017-12-20 23:50:35,129.0,18.15
e153a31382aa25c9890638d33b7c7c59,1,0c11029e1f747d21ae2f131082236d7d,d23019c84ffae2d5ef2270367b8605fc,2018-04-26 18:30:41,89.0,141.36
fa79b2c18a8bd1dd7fe6c20ea3986434,1,a5eb994011cc41631b483ed58190bc61,1dcfa3835714681d4ba4a93bc1e0fd41,2017-08-09 04:35:26,79.9,15.31
0a92b722c3355980ef37fd1fee068c6c,1,e27e689c4ce425f2fe7e2a270fd4d2db,b2479f944e1b90cf8a5de1bbfde284d6,2018-04-16 04:11:11,35.99,19.32
26b5660725133bc74bfe584874b637cc,1,25c3eb54945e82e7c1dc8191a1ebb5f1,f1fd5ab1181f827ffad998c1a5de7d74,2018-04-05 19:08:10,799.0,93.16
f96344495ad4aa6c46d0b40c3b6e4424,1,154e7e31ebfa092203795c972e5804a6,cc419e0650a3c5ba77189a1882b7556a,2017-07-04 14:04:55,19.99,25.63
25f3b8d528da241b7344e926baf475e1,1,bb50f2e236e5eea0100680137654686c,f7ba60f8c3f99e7ee4042fdef03b70c4,2018-01-25 21:12:23,325.0,10.47
c6404ad1d7ca9a20609c6a3179e06293,1,423b46d7ff817b1cd19ab195c7b76546,6560211a19b47992c3666cc44a7e94c0,2018-04-01 23:31:44,55.0,12.83
3942129663d1d1392c8da657a08422a4,1,59ebd2c07d59483d0855b5b3d5e18728,ea8482cd71df3c1969d7b9473ff13abc,2017-12-20 09:34:35,27.99,14.1
e4abb8fe0937a88e04513430b69d268e,1,a703f5ade6e4fae527357132230ea778,f4aba7c0bca51484c30ab7bdc34bcdd1,2017-02-24 14:07:29,23.9,10.96
807e1137296f0952dc5038aadf9d1f76,1,ee0c1cf2fbeae95205b4aa506f1469f0,cc419e0650a3c5ba77189a1882b7556a,2018-02-14 02:55:55,53.99,15.13
f18209d8f562e6e43f73013f3e9aa40c,1,6668e2c5a29f47a016858f28a3673e4a,5b51032eddd242adc84c38acab88f23d,2018-05-04 16:30:57,219.0,27.61
3899e902fbfaabd1e7172e0f62fde3b7,1,6f11a80f755a253700b454b4c6ac1cd5,b7cc6c5e001441ae8cdd5c69a480cbe4,2017-07-07 18:45:06,25.0,15.1
78d58078e70e4f5add3ab8b0a5013212,1,363218ba55c610b750224f90bdd34be1,33a6f4b1e7cdc205511e76ba1b6e0186,2018-05-15 04:55:12,79.99,13.92
9cb72ea4aed538b235a9936b84656974,1,26ec5d5716487af6ccbe85d4e01bc7f0,33a17d60c64393351ebf1ef860f4e0f2,2018-07-24 08:44:11,219.97,60.75
6332974400757d231760e7348850edba,1,1169ec485506aa10f38d941275dfce4b,4830e40640734fc1c52cd21127c341d4,2018-02-08 18:35:32,75.0,12.87
4c66bf9c016db115ad9cffa6300cb809,2,c5944369a5cc96d600713f640e46ab5e,850f4f8af5ea87287ac68de36e29107f,2018-04-17 17:55:20,49.0,18.23
84be8c486cc6c6bb5dd2a0a19effd9b5,1,58013a514d435f19c974b8751c054a18,d91fb3b7d041e83b64a00a3edfb37e4f,2018-08-02 19:00:25,35.6,7.99
93240f6a90ae9889c692787235e66a0c,2,a3f487d2926f4af42e86454a8ec474c1,3bb548e3cb7f70f28e3f11ee9dce0e59,2018-01-18 02:31:55,189.0,21.03
ec186af7a6d14a2a52ea8cc8059c0030,1,c0deba3200aa657c933dae7109403ad1,0eaa7e33d73809f1f925f7d07c506cbd,2017-07-05 04:23:05,129.0,9.72
a38cd506ff8139ca5c3aaddc10583417,1,52de0484c8791bf5bf92748455652d10,b2a6d334e2833acea353624840e25a0e,2018-02-08 13:30:29,19.9,14.1
fdae59a84d3050deb2efafd6b04ff6ef,2,89e4362d74afa10ac57f8d67210132a6,dbc22125167c298ef99da25668e1011f,2018-06-12 19:51:17,96.8,23.61
0261b9a1fd7da49cec3906e055b2f59d,1,658c48e890d98bb89d28a9d5e6309676,51702dc2a3e106c76dbff722b5bf0726,2017-03-06 23:50:19,169.0,29.46
e64b75fd960c12db7358da68a8b75217,1,5e21d5cab5d33e770d8150a4ee6117db,6560211a19b47992c3666cc44a7e94c0,2018-01-31 22:53:50,49.0,21.15
49c256b6db84e08634e7b665e0b6f63a,1,be59f0b9bd1d08d096188f98168fc987,15cd6eefe58588619aaed41dfa6621b1,2018-05-17 17:31:56,60.9,33.97
d995b179b6d42341a2642cbfc2e02367,1,6b82874c6b51b92913dcdb364eaaae0f,17306570e772e7718c92a562d33f5f1d,2017-05-03 02:22:56,729.9,68.78
e06a1ec7a71b079fca2cd43d67dbed30,1,913803e9e4b81c3fed4841cbbfdc59fd,218d46b86c1881d022bce9c68a7d4b15,2018-01-24 03:38:48,120.0,16.6
cda166f7dae2993118f807e7215c7faf,2,4cd6ba4ea3112de8fc238307c4dc6307,259f7b5e6e482c230e5bfaa670b6bb8f,2017-09-19 08:24:42,39.9,16.6
be16ab3862dd2927ab1e3cb7434007f6,1,64fb13596caf118c438edc5c6ed2d50a,88460e8ebdecbfecb5f9601833981930,2018-09-04 07:10:36,69.9,18.59
e5c83b9d7049d45d07109c42cb808281,1,0135900191d4383219257d6fde585ccf,070d165398b553f3b4b851c216b8a358,2018-07-16 16:55:30,158.99,37.44
9fe67982918cf778dbf3cd0b582aff80,2,6ccbeb9656e37cb5fd5086f838762471,0ea22c1cfbdc755f86b9b54b39c16043,2017-02-10 11:19:47,24.9,15.66
a4bea4b3e01b8dd36eaf6a9e27698404,1,5a848e4ab52fd5445cdc07aab1c40e48,c826c40d7b19f62a09e2d7c5e7295ee2,2018-02-13 15:52:19,122.99,15.61
ecbda892f221f0914a655563629cf183,1,63f4d40c05db6ade462cecef857eec34,fec6275253471ace26d209bbaa64cd0f,2018-06-15 13:57:36,284.0,13.32
518e28f28e634069d2f5d642dd7997b7,1,94bf3dc3d35d6e2dc1be8edffe180c59,cca3071e3e9bb7d12640c9fbe2301306,2017-05-04 18:50:20,72.9,11.9
f4ec40aeb45f082c239a842530a96294,1,431df35e52c10451171d8037482eeb43,6cd68b3ed6d59aaa9fece558ad360c0a,2018-01-19 00:08:53,47.9,22.67
570804dc299e3fa393a39de3a62643fb,1,f5badee8a0e679f057ec0ca4f0f32dcb,e0a366315b1b726b6c7832d664c0f530,2018-01-03 13:10:29,109.9,8.96
012248555cb0bf51df99199cef81d562,1,aa8d88eb4b9cb38894e33fa624c4287f,6560211a19b47992c3666cc44a7e94c0,2018-02-07 17:52:56,55.0,15.83
e8fa22c3673b1dd17ea315021b1f0f61,9,0c9439abe84dc40a64fc164365c4d064,c394e193cda3b4225ff2094d32184849,2018-04-26 07:15:19,284.99,16.87
9a768a8d504ada830b38d678f12d972e,1,b59b5899ecf4bcc294a72fdd48adaa94,ea8482cd71df3c1969d7b9473ff13abc,2018-02-23 16:50:35,29.98,7.78
02355020fd0a40a0d56df9f6ff060413,1,a3daee3915d4fb98376e039ede6bdea6,2a261b5b644fa05f4f2700eb93544f2c,2018-03-08 02:15:42,50.0,19.59
676a0d0cd3f3ceb3335a3e17420eed92,1,53b36df67ebb7c41585e8d54d6772e08,4869f7a5dfa277a7dca6462dcf3b52b2,2017-12-05 09:39:10,133.0,16.56
924d7c4505c90dd9c3a4ab2c3c5daa15,2,0bd7e7a520ec0ac94f95b47cecc844d6,79ebd9a61bac3eaf882805ed4ecfa12a,2017-10-30 03:28:42,19.9,15.1
f511be94d46f57276567f27512e0c304,1,ef7352a2d8b4adc975b83c8e8c23da5c,729b2d09b2a0bdab221076327f13d050,2018-05-18 17:29:36,22.4,12.79
acca926ef1cc9a37d04aac404dc87f4a,1,06c6e01186af8b98ee1fc9e01f9471e9,fc906263ca5083d09dce42fe02247800,2017-06-20 14:45:16,39.9,15.1
6b2f7dba402cf63ca207bbe2cc05ef67,1,ce582a7aa032280b20a5f169195202e7,d98eec89afa3380e14463da2aabaea72,2018-03-08 17:35:23,39.99,31.02
e6e30d7211cecd2e259b66fb4b6b4d82,1,5a848e4ab52fd5445cdc07aab1c40e48,c826c40d7b19f62a09e2d7c5e7295ee2,2017-12-08 16:21:37,122.99,14.61
2cdc4c50ebeabd8fd87582544e8e46a6,1,0c79aab7a6a2449f932887fb3c8d0127,70b52a4cfc823994561b00bad161b4ed,2018-08-02 20:25:20,58.5,15.51
bdf323b540c69988c9baca5f74e4c3bc,2,496f6bd86011e5a9ddea8dc96e802340,cca3071e3e9bb7d12640c9fbe2301306,2017-10-27 04:27:57,72.9,13.85
22ed88d1bb8f6269236b8cd268490156,1,0ce430e210535c2f40fe2f13ca31b441,23d7c96d4a1160db1c726b248601b25a,2018-05-15 11:54:20,349.9,19.36
31b855608ca69e4146b737745506f2d5,1,f3720bc68555b1bff49b9ffd41b017ac,4b5f66b7adcf57f1ecc0d3c07dd6b177,2017-08-29 15:06:38,175.5,15.98
46241543fb0948c859ab3d20fa55f06c,3,f713c90e84b1bf2e157637d63fe09a68,432c37c9dfba871172ec162e20118b8c,2018-02-01 03:16:10,49.0,15.1
f03655b5447cf5005767f4a65cd0afbd,1,ff5f8606556b625613f069a5a9a48966,8cbac7e12637ed9cffa18c7875207478,2017-05-29 05:50:06,35.0,20.84
4bf082888a1de1a60eaa2949a30adf78,3,422879e10f46682990de24d770e7f83d,1f50f920176fa81dab994f9023523100,2017-12-27 09:31:13,59.0,17.66
26e0070f204a2cc8cae3504b038a0dfe,1,18b0e642cbae7251e60a64aa07dd9eb9,85d9eb9ddc5d00ca9336a2219c97bb13,2018-07-18 18:55:10,22.32,17.09
091ac0791556275533697b36e2b00ff4,3,ff5f8606556b625613f069a5a9a48966,8cbac7e12637ed9cffa18c7875207478,2017-01-30 14:29:25,35.0,20.43
ae59c14f258eb3a13024c976485ca68f,1,481aad97c80d6786a7c6096991003274,95e03ca3d4146e4011985981aeb959b9,2018-02-28 02:30:39,29.99,8.9
c95f74e4997a96f046a9e40e4d8726de,1,d475247b8adc9f4c339da83abee9a351,751bdc4d83a466c7206cd42e8f426b03,2017-10-30 03:49:46,99.99,14.45
026b41054c5e6b7a4e94a971bb94193c,1,7aab18bec732db73232f712de3ba14fc,2b1a40c1daabc6ca280c4b815c101841,2017-02-07 18:25:13,379.0,29.99
