product_id,product_category_name,product_name_lenght,product_description_lenght,product_photos_qty,product_weight_g,product_length_cm,product_height_cm,product_width_cm
97afd188bb555122d11925deb0052174,esporte_lazer,42.0,578.0,1.0,350.0,16.0,6.0,11.0
bfa8fb32cecbf90899f6f517b77a766f,moveis_decoracao,47.0,610.0,1.0,2800.0,30.0,35.0,30.0
a45b5f919e448b4372904ecc17aa7d21,moveis_decoracao,60.0,2084.0,2.0,1200.0,69.0,11.0,11.0
7509198b81c7761e30fc8845ccf330b0,construcao_ferramentas_construcao,58.0,151.0,1.0,250.0,20.0,10.0,11.0
da86f2cc2faf840b7b86390726b88905,perfumaria,37.0,107.0,2.0,200.0,22.0,3.0,11.0
e13f46cf68d356e0ac0f32058af20911,fashion_bolsas_e_acessorios,56.0,142.0,6.0,150.0,16.0,9.0,11.0
0a9e2c135ec43f84cc6c583695531d68,cool_stuff,33.0,385.0,2.0,50.0,20.0,6.0,15.0
fb18a209851c75740dc49860261492b6,automotivo,48.0,1459.0,3.0,225.0,17.0,15.0,15.0
cce61e7ab409679afd6ba99a47349582,moveis_decoracao,54.0,351.0,1.0,600.0,35.0,10.0,35.0
e33c23f84ae4675691f3254c27d583d4,telefonia,55.0,448.0,1.0,325.0,22.0,9.0,17.0
db886bd83f6a076a2caeb7fd02722c35,informatica_acessorios,56.0,186.0,1.0,710.0,33.0,14.0,15.0
711ffb7574aa22c89aa744dd74fefd5c,ferramentas_jardim,63.0,1330.0,4.0,3100.0,37.0,9.0,16.0
0dc88ec6b2635cd62b46f0f1d4c714ee,casa_construcao,57.0,231.0,2.0,4100.0,27.0,27.0,31.0
d94b46bf2d98ad7dc02d380f1cf562fb,esporte_lazer,38.0,347.0,2.0,800.0,26.0,14.0,16.0
30d1842be9c62546d3fb853119602ac2,eletrodomesticos_2,50.0,914.0,3.0,11900.0,65.0,35.0,35.0
8c041ababf83e5aeefa568c6836424e9,moveis_decoracao,55.0,384.0,1.0,600.0,25.0,10.0,20.0
a3cd9517ebf5a50dca25acce54f3b171,utilidades_domesticas,52.0,1910.0,4.0,30000.0,75.0,58.0,65.0
7d28cd96eae3fa5a49bdbfa00af70ea8,automotivo,59.0,2034.0,6.0,1775.0,42.0,30.0,31.0
9c522bd0c17e3f233d657b8faec798b6,automotivo,60.0,865.0,6.0,2050.0,30.0,25.0,30.0
2c14830d33060649974768f49b7abd89,bebes,50.0,1075.0,3.0,1100.0,42.0,25.0,15.0
95d9302f8b3a134daca8adb478c92813,cama_mesa_banho,57.0,503.0,1.0,25200.0,58.0,40.0,50.0
3e0569568b8fa37cc1f767bc94fdc395,automotivo,41.0,967.0,4.0,2600.0,100.0,5.0,43.0
8fc237f3709cf31cbe92dca0083b5681,instrumentos_musicais,45.0,405.0,1.0,200.0,16.0,16.0,11.0
a896b01f0fb94712f1e92bf9b0ebbe0e,brinquedos,60.0,1067.0,4.0,300.0,17.0,5.0,12.0
387db3d5d5b6b826e84c8bf648f371e5,relogios_presentes,56.0,563.0,2.0,300.0,16.0,11.0,11.0
3e068f21ad721826461bfe93ff04ee59,papelaria,59.0,1566.0,1.0,250.0,26.0,26.0,11.0
5cb51e5de546a11f68d85ad8cfbc5563,telefonia,56.0,845.0,1.0,250.0,27.0,5.0,20.0
46e1b7a766d5cefa31a93f6c91831d7f,sinalizacao_e_seguranca,41.0,1177.0,1.0,375.0,23.0,9.0,20.0
c4eee3eae1ec39ae9e5f25b18f0cb4b6,beleza_saude,30.0,302.0,1.0,382.0,18.0,14.0,14.0
8043608c406d413f7f645257cdc33f73,utilidades_domesticas,58.0,381.0,2.0,1350.0,26.0,5.0,32.0
6bd90496e4292446cceb64b93d7dbf81,esporte_lazer,51.0,1360.0,1.0,233.0,16.0,11.0,13.0
fdcf45aa23bb8312ecc0027d6e1ef1c4,artigos_de_natal,39.0,258.0,1.0,250.0,16.0,12.0,11.0
5292d2a10d727811b78d5b7dfb6c96b3,construcao_ferramentas_construcao,52.0,669.0,3.0,550.0,30.0,30.0,18.0
c6cae2869a248cef27c00f3340ac90a6,moveis_decoracao,56.0,1181.0,2.0,600.0,53.0,8.0,11.0
78af039af208ab37d0c1d03faff0866f,moveis_decoracao,45.0,677.0,1.0,1750.0,35.0,45.0,35.0
8a27fbb311995ff454749a35fc0bd9a9,cama_mesa_banho,58.0,123.0,2.0,500.0,40.0,8.0,30.0
57210152ac995411cc3cbbaff91488a5,moveis_decoracao,27.0,889.0,1.0,1250.0,23.0,8.0,8.0
ab959a147167f22f3e0c05eb06845771,eletronicos,59.0,242.0,1.0,150.0,24.0,9.0,18.0
130cdbc1715f7e1b5d9be728ce04398e,casa_conforto,46.0,519.0,1.0,500.0,18.0,12.0,18.0
0c4d0a08f95c7b7dc5dc7402bfdafd4c,informatica_acessorios,49.0,409.0,3.0,300.0,16.0,6.0,17.0
44dc6124432da8482da2977dbfa88f59,beleza_saude,59.0,1343.0,2.0,150.0,16.0,13.0,11.0
92e0aff16451b008e8b70f7b05dc6105,perfumaria,30.0,255.0,1.0,300.0,30.0,10.0,30.0
29df8bf0a6118b7b764e7b31987d4db7,utilidades_domesticas,43.0,519.0,4.0,3150.0,22.0,54.0,22.0
9393c06fcb6d7bc8e988eea2a0ecc64d,utilidades_domesticas,50.0,492.0,2.0,1125.0,43.0,13.0,11.0
f216457c32ee07732482741ca33128c6,livros_interesse_geral,22.0,921.0,1.0,400.0,26.0,3.0,36.0
96e46c5d63399f513d292cdb8033cd02,pet_shop,58.0,568.0,1.0,600.0,18.0,25.0,18.0
040f34fe061b6024771f641fe922e782,relogios_presentes,18.0,796.0,2.0,750.0,18.0,10.0,15.0
34aca5f4e567c3b675a3e43a17e0b0e5,bebes,57.0,537.0,2.0,13450.0,60.0,32.0,42.0
06f89d2b2a8b4994e56366402feacba9,consoles_games,58.0,1811.0,4.0,750.0,16.0,8.0,11.0
7fe3f176f02fbc85e3f9d24e0f34e860,utilidades_domesticas,59.0,427.0,5.0,400.0,27.0,8.0,12.0
99008b78e9206243c95a95cf02a71905,beleza_saude,32.0,1948.0,1.0,1467.0,33.0,21.0,21.0
fd5165e9ee553f6e1bc24e5103ceb50b,moveis_decoracao,56.0,296.0,3.0,1700.0,100.0,7.0,15.0
812caec8528c1f3b1bed583530023cb5,cama_mesa_banho,47.0,228.0,1.0,950.0,49.0,6.0,39.0
0915ff4c13dc62982f2a0a3ae788945c,cama_mesa_banho,28.0,1303.0,1.0,500.0,60.0,5.0,40.0
f524b3f36f5a7a8cecf77fd6083ad6fe,automotivo,60.0,651.0,5.0,2400.0,64.0,5.0,39.0
ac1290e4432c1f2662b71ac47da47691,telefonia,43.0,533.0,2.0,125.0,19.0,3.0,11.0
cd87373ff7bdd923cfdff3893c9dea64,consoles_games,57.0,294.0,1.0,460.0,19.0,19.0,17.0
2709b7e2e1e0694d32d2b6d88d483597,beleza_saude,41.0,838.0,1.0,190.0,18.0,9.0,12.0
85b99d83c60cab5b4d8f927ad35212a1,moveis_decoracao,50.0,1017.0,1.0,2100.0,30.0,24.0,25.0
aa56ab71ba080a7d38971fc64e9cb732,cama_mesa_banho,55.0,447.0,1.0,400.0,16.0,10.0,16.0
2180541a551b218f67e8bd22614688d1,utilidades_domesticas,40.0,144.0,1.0,300.0,22.0,10.0,11.0
a437d4e13afed02d510ea08321cdc5b7,relogios_presentes,58.0,431.0,1.0,500.0,21.0,16.0,17.0
1a596515dcbe1a261f8dc0640ccb5149,moveis_decoracao,57.0,384.0,1.0,600.0,30.0,10.0,20.0
c88c6b94ef95d151a4c6043e26feae65,utilidades_domesticas,54.0,705.0,1.0,250.0,18.0,9.0,12.0
753d279facc7d9ca90f2e8bfb2bab052,utilidades_domesticas,52.0,485.0,3.0,600.0,16.0,12.0,12.0
aef29ba8f524551d01c5497f60832b2c,esporte_lazer,34.0,345.0,1.0,120.0,21.0,4.0,19.0
4921779f44984246c74bba58ecf65146,informatica_acessorios,60.0,1021.0,4.0,1183.0,16.0,9.0,15.0
2a27bdf5d36c733df107a86e44370254,beleza_saude,52.0,1976.0,3.0,425.0,20.0,9.0,18.0
3932e37f1f658768ac53fbe680f145bc,cama_mesa_banho,60.0,850.0,1.0,1100.0,40.0,10.0,30.0
931c60354b3929e5d44693757b11b5c0,beleza_saude,39.0,3580.0,1.0,375.0,29.0,4.0,16.0
d68bd4dedccc5545b1ff6629de8fb021,informatica_acessorios,53.0,813.0,4.0,1950.0,17.0,11.0,12.0
59003ff3120537147fec3f06e92cd920,cool_stuff,55.0,1080.0,3.0,400.0,20.0,16.0,19.0
2ff9737e49040a4de6435620ee96885f,cama_mesa_banho,56.0,302.0,1.0,2300.0,50.0,35.0,40.0
e937b8761a1d9d6a0bd0011a17531744,moveis_decoracao,48.0,1619.0,2.0,18233.0,47.0,60.0,23.0
71a8dd5f6f9ce24bf348c2cc73f1b046,eletrodomesticos,55.0,130.0,1.0,120.0,18.0,8.0,13.0
79da19ec2e6e6658145790d93991da9b,brinquedos,37.0,240.0,3.0,3876.0,41.0,29.0,36.0
25ce0807224644a6afe590a392c237b3,ferramentas_jardim,59.0,602.0,1.0,8450.0,45.0,44.0,29.0
119618b5b8b80a24cd99506dd5424864,beleza_saude,53.0,137.0,3.0,200.0,19.0,11.0,23.0
d6bdc30ad1fdc8e4ee7d1712df81357b,cama_mesa_banho,47.0,236.0,1.0,1350.0,36.0,6.0,36.0
2f79f1782a0ab54f3a912a844b00ca66,moveis_sala,49.0,157.0,2.0,5050.0,50.0,10.0,55.0
4dfb66a2572e0ce387cac89ce7a343e4,telefonia,54.0,1490.0,3.0,150.0,18.0,6.0,11.0
83b6f73c0ad25d9b469deacf8da19d80,relogios_presentes,58.0,136.0,4.0,200.0,16.0,2.0,11.0
bb56f93a193b61dbb3ccc35c2cdd317d,moveis_decoracao,60.0,903.0,1.0,700.0,22.0,22.0,11.0
b29c9ac1d3d4e8866f6c4ad814ae9591,beleza_saude,18.0,1177.0,1.0,500.0,31.0,11.0,23.0
49b59dec916cd9070cf9fb07dee32976,climatizacao,60.0,803.0,1.0,16550.0,27.0,36.0,54.0
ebe731afbcf530cfaa1e5260be512e9b,esporte_lazer,45.0,941.0,1.0,1300.0,100.0,8.0,15.0
be1d0cae4c4acf0350ad1295fe5a3299,cama_mesa_banho,52.0,455.0,1.0,350.0,16.0,10.0,16.0
3e6de3159fd57b7d7e62c584a3c9fc70,eletrodomesticos,56.0,686.0,7.0,350.0,26.0,20.0,19.0
e8e86cbab028363545a5bf0ca5e226ee,moveis_sala,36.0,312.0,2.0,6050.0,55.0,10.0,46.0
0f67b4ef3dcb82c257f9f14b6f694ccd,relogios_presentes,42.0,858.0,1.0,600.0,18.0,18.0,18.0
01593b27eef404f592e6a3f1174493bf,cool_stuff,51.0,594.0,1.0,2000.0,50.0,40.0,30.0
6a25cafd9048b9e5c75635e17545bff6,moveis_decoracao,63.0,454.0,2.0,8050.0,80.0,10.0,60.0
68a14625f4764ec39cf9d252421e35af,esporte_lazer,50.0,476.0,1.0,500.0,20.0,6.0,15.0
b56d02094e37315ad2f6fdf09991cac4,moveis_decoracao,54.0,478.0,5.0,9500.0,50.0,42.0,32.0
4c4dbaeebae887ed4fae3a70530901a1,beleza_saude,47.0,865.0,2.0,200.0,27.0,8.0,13.0
505cad9f6344882dd263949375dd97f5,esporte_lazer,49.0,1841.0,5.0,3300.0,50.0,39.0,12.0
9f01cb375b4185be6cb9d2f7588c5b46,cama_mesa_banho,55.0,179.0,2.0,1100.0,45.0,10.0,15.0
619276505340bdbe2845a35afde86cc0,beleza_saude,54.0,1941.0,1.0,350.0,16.0,12.0,12.0
0a197d1436ea67717ce68ebe184b5832,informatica_acessorios,43.0,1043.0,2.0,258.0,18.0,13.0,13.0
4710a0bdb9d5f433754a8c77de67ed88,cama_mesa_banho,40.0,185.0,2.0,300.0,20.0,10.0,20.0
4ee8542bbedeb1c6d01e48c66986af49,cama_mesa_banho,55.0,614.0,1.0,550.0,16.0,10.0,16.0
33e04be09d16fef5a9044ee42eb2f45a,informatica_acessorios,51.0,847.0,1.0,529.0,37.0,10.0,13.0
c9676685ee3aec26dd274549d54b85f6,beleza_saude,52.0,832.0,1.0,200.0,22.0,5.0,12.0
b1e189f4b3dc3352ba24db1688e06d4b,cama_mesa_banho,60.0,166.0,1.0,1100.0,34.0,7.0,32.0
a40675a9c6ef2410e3420483a1f8c81f,relogios_presentes,56.0,478.0,2.0,350.0,19.0,13.0,13.0
8db8c6b5b338e7a8d3332037c2c218f7,telefonia,41.0,1311.0,2.0,50.0,18.0,6.0,11.0
624dfd4e171c102a6b6f50a83e522019,construcao_ferramentas_construcao,57.0,388.0,1.0,1050.0,35.0,30.0,21.0
f2a949f938c95d18433bebfb12afe395,automotivo,60.0,1657.0,3.0,650.0,16.0,21.0,18.0
8e070d077d43019c6ab43765f69d8401,cama_mesa_banho,49.0,1904.0,1.0,1200.0,60.0,15.0,40.0
92c7ec84190a13612cae0baf13804b23,cama_mesa_banho,42.0,747.0,1.0,2000.0,37.0,15.0,26.0
dc2545fc32f14631d0b524afc25595ac,esporte_lazer,31.0,598.0,1.0,300.0,18.0,18.0,18.0
b3c9fbea83e09f3d0994b2f8301c89a7,casa_construcao,56.0,860.0,1.0,11350.0,20.0,20.0,20.0
71fa3ded050dac9c89b71383bbe4df76,fashion_calcados,40.0,303.0,12.0,400.0,29.0,7.0,16.0
877037e9f558d11ce22f3224771fd12f,brinquedos,57.0,1235.0,3.0,1200.0,28.0,13.0,21.0
bd5110ad5f718f7c3dded1c18b4b135e,cama_mesa_banho,58.0,402.0,1.0,950.0,16.0,10.0,16.0
77a76108c16a41f20a2da26c6afdfd4e,informatica_acessorios,39.0,1543.0,4.0,600.0,41.0,6.0,21.0
d13816a79f03bf978283d80fbeae06f8,moveis_sala,45.0,243.0,1.0,15900.0,67.0,66.0,61.0
16b4473e98422039c388f144a0b16f55,beleza_saude,57.0,1293.0,1.0,2350.0,28.0,10.0,16.0
b60aae43af64142e8dafff9888b64c85,cool_stuff,56.0,989.0,1.0,2250.0,42.0,25.0,15.0
ad3bd5419246087e48ef4832de3516a4,beleza_saude,57.0,1286.0,1.0,2400.0,19.0,28.0,17.0
e10d888b873f7479560f0b2606bf2c02,bebes,29.0,1465.0,4.0,600.0,20.0,9.0,14.0
a1b6b22c8c1e02e979fa25529704fec4,brinquedos,28.0,635.0,10.0,200.0,16.0,6.0,11.0
f9c972fb058194f8e948a46e6c611ee1,beleza_saude,31.0,3751.0,1.0,1225.0,26.0,20.0,23.0
a883c6cc6b971869a2c962f76fb73ab1,cama_mesa_banho,55.0,2293.0,4.0,1100.0,33.0,15.0,42.0
186b6a12d98fb8471271f204a82a7937,construcao_ferramentas_construcao,33.0,505.0,1.0,100.0,20.0,20.0,20.0
1224503f1f9b9e8ead31a3d32220ebba,relogios_presentes,58.0,618.0,1.0,400.0,22.0,14.0,27.0
807b118bfa0f764901f5a528e0e3b7f9,utilidades_domesticas,24.0,136.0,1.0,1500.0,45.0,25.0,35.0
7dd9fed6514b8c8d3c4e2a9ec6f96e8b,livros_interesse_geral,59.0,1041.0,1.0,1050.0,30.0,5.0,20.0
726838a1b5bdf32e2fc8010f0807bd46,market_place,19.0,767.0,1.0,200.0,22.0,24.0,24.0
5567c10de36ebd118569fc875d064e1b,moveis_decoracao,56.0,472.0,2.0,500.0,80.0,10.0,60.0
317dba41947df9cb9fec77921ee2d22e,beleza_saude,50.0,528.0,1.0,350.0,30.0,12.0,16.0
1166bc797ddf5fb009c376d133f61204,utilidades_domesticas,55.0,65.0,3.0,1100.0,36.0,20.0,20.0
0368744ea61d6163219e3bcbbbac3680,beleza_saude,46.0,799.0,1.0,2000.0,30.0,12.0,16.0
36fe62c1a0f657634af86b5bbf10f459,fashion_calcados,53.0,408.0,5.0,1400.0,22.0,12.0,33.0
ae6476ef6cf588ccb0bd009b62359b97,beleza_saude,60.0,950.0,2.0,1300.0,42.0,12.0,20.0
ef9f731f8f63f85ea53e94df375baf54,instrumentos_musicais,59.0,1172.0,2.0,9250.0,45.0,20.0,100.0
8a6187b2665118d5095f99a25fd7ba7a,cama_mesa_banho,56.0,275.0,1.0,1300.0,45.0,15.0,35.0
156bb7508d25ad3108035c7ec3a3d2fb,papelaria,44.0,127.0,1.0,800.0,38.0,8.0,30.0
d47821b10559fffaefcf3e57d2b5ff76,beleza_saude,56.0,1956.0,5.0,400.0,21.0,6.0,14.0
685745fc12a6d4344a767bf01fb2d6d1,papelaria,48.0,483.0,1.0,267.0,20.0,7.0,13.0
ced7fbfaaf7d98ad9bd9b32a5eb5fe58,moveis_escritorio,58.0,1295.0,1.0,10700.0,52.0,51.0,17.0
966746deb2173a72d95ca8b80223f014,cama_mesa_banho,59.0,565.0,1.0,750.0,16.0,10.0,16.0
09ae715b435241d687067cb868b056a7,utilidades_domesticas,42.0,1182.0,1.0,15050.0,60.0,25.0,60.0
754abbe178ba64e121856bdf42c6813d,beleza_saude,43.0,560.0,2.0,525.0,20.0,6.0,11.0
fd68051e3deccde23af3d77152129c5a,climatizacao,52.0,1222.0,1.0,2800.0,16.0,2.0,11.0
9a00058f48982cd587fccba20c2bdaf7,automotivo,60.0,703.0,2.0,600.0,29.0,10.0,13.0
acd999849b296e49ab668c7e832ccb72,informatica_acessorios,44.0,169.0,1.0,467.0,16.0,16.0,11.0
3db75f31b76375c502f64d550dcd1166,informatica_acessorios,34.0,1078.0,2.0,200.0,41.0,2.0,29.0
1fbeaaa01377d3f600de52f455ef578c,cama_mesa_banho,55.0,664.0,1.0,2800.0,44.0,10.0,34.0
ea0e3d94bcd573d99c06fc115d82500f,cama_mesa_banho,57.0,393.0,1.0,550.0,16.0,10.0,16.0
ce4819dda4ac7cf24daf8f88eb5b70af,malas_acessorios,44.0,215.0,1.0,700.0,46.0,10.0,33.0
68ad45d48d69404aeb71ce87e1b2c948,livros_importados,37.0,452.0,1.0,850.0,33.0,2.0,23.0
fdab4c1b0c356b42df5846952f5b47af,esporte_lazer,42.0,1101.0,3.0,225.0,19.0,4.0,11.0
2362291929f77eccf5f5cb26029dcf90,automotivo,54.0,591.0,1.0,2400.0,52.0,8.0,52.0
4d58a1ff101eae5005f818b97740335e,fashion_calcados,54.0,404.0,3.0,950.0,22.0,12.0,33.0
bb97ffd9ad088f593995b5b26dc9c24e,eletronicos,60.0,692.0,3.0,1167.0,33.0,6.0,20.0
1cb7476fb94699f09e7efa70f8ea659c,utilidades_domesticas,24.0,467.0,1.0,300.0,26.0,2.0,11.0
9b7d6830b132073397821e52d0e66294,automotivo,57.0,96.0,1.0,500.0,30.0,15.0,20.0
18c2db7204cdc97ff47fb6727bb1aa19,beleza_saude,51.0,1237.0,3.0,425.0,28.0,15.0,28.0
ecaaaccb5eb3102553f001d62db6389e,informatica_acessorios,54.0,144.0,2.0,125.0,16.0,12.0,14.0
9795a7cdf0e9c1c2b4db0c1ab37e0831,casa_construcao,55.0,1627.0,1.0,600.0,40.0,3.0,50.0
f0effb9347ed5787c680f4c756f0bbdb,papelaria,38.0,852.0,1.0,462.0,18.0,13.0,14.0
7b8d9c8c0d923944798fd521f6d0a1af,construcao_ferramentas_construcao,56.0,1287.0,2.0,1250.0,47.0,11.0,25.0
ca74d0530e5f2c942254f4d63dd037c8,telefonia,19.0,543.0,12.0,100.0,16.0,3.0,11.0
fe2f068d3b10f48ac104cd8c8dbcdfe8,esporte_lazer,44.0,317.0,1.0,450.0,25.0,25.0,25.0
98b60cfeeb9f910672c471ffc94541c2,utilidades_domesticas,55.0,205.0,1.0,2100.0,42.0,22.0,28.0
e1dae76b5f1c39746a05aebb9ea23d1d,esporte_lazer,54.0,638.0,1.0,350.0,26.0,12.0,17.0
74f250adf8f41738ca96718232a41499,moveis_decoracao,56.0,646.0,1.0,300.0,16.0,30.0,20.0
a0644c97f9915e9f442b94b4a5a2fa1b,cama_mesa_banho,54.0,570.0,1.0,1675.0,25.0,20.0,23.0
d3e1006ba3735c0d44160026b6e0ced3,automotivo,53.0,2805.0,3.0,1850.0,19.0,16.0,17.0
691068f9993552f6ba5a12e4b379b4a0,beleza_saude,57.0,463.0,1.0,375.0,16.0,15.0,14.0
1d8b0573a8ebb81f72288beba6bf4327,beleza_saude,39.0,752.0,3.0,250.0,21.0,26.0,21.0
34282a40b7d2b7aae8762762cb6ebcad,moveis_sala,37.0,313.0,2.0,4350.0,58.0,16.0,53.0
15c6285354cb4294fba984d48fd19805,bebidas,28.0,932.0,1.0,1400.0,25.0,25.0,25.0
54d9260785f11c05ad373ce8465212da,cama_mesa_banho,60.0,106.0,1.0,750.0,20.0,10.0,15.0
214182ef6dd2635420e172166e7ee047,utilidades_domesticas,43.0,965.0,1.0,650.0,16.0,17.0,11.0
437c27398475365e3103e091ce518c6f,pcs,52.0,1042.0,1.0,12550.0,43.0,42.0,22.0
82ed1009173f99aeacc5499e24e9a7a0,livros_interesse_geral,31.0,261.0,1.0,300.0,20.0,10.0,30.0
8d23da47a7828cf786103f1c3fbeab43,cama_mesa_banho,57.0,663.0,1.0,3300.0,34.0,8.0,38.0
0885f25e5b69df855382efbb7308b8d2,pet_shop,60.0,993.0,3.0,750.0,20.0,6.0,15.0
77b49ce38659731ae58ff7404a8cf515,automotivo,60.0,264.0,1.0,8775.0,43.0,14.0,20.0
a0adc3041e9917104f3fea4ba995adcb,informatica_acessorios,47.0,3650.0,3.0,5825.0,48.0,37.0,25.0
a793f6312549f217138244dda30208c5,artes,52.0,912.0,5.0,3400.0,19.0,19.0,19.0
8ec2aeacda2a58c1e118e8c1ea90c605,informatica_acessorios,40.0,866.0,1.0,150.0,16.0,16.0,16.0
1f0f0d2254362b05c2248e033053825a,moveis_decoracao,43.0,862.0,1.0,600.0,20.0,10.0,20.0
90df1d60e33ed1bdadec994d809f4bfd,eletronicos,52.0,147.0,1.0,1200.0,30.0,30.0,30.0
b168aba36b2d14860fd17a038f77d100,brinquedos,41.0,1354.0,1.0,2100.0,55.0,13.0,20.0
d980d3018343b03db51c3076eadd6f83,moveis_decoracao,55.0,287.0,3.0,5850.0,50.0,30.0,30.0
a2ff5a97bf95719e38ea2e3b4105bce8,eletroportateis,40.0,849.0,2.0,11800.0,40.0,43.0,36.0
20d5583ac76a88720b002f353afec2d0,utilidades_domesticas,32.0,305.0,3.0,450.0,40.0,40.0,40.0
6f62dd1f280a651e3334c84c4f1d96b6,perfumaria,57.0,663.0,2.0,1000.0,18.0,10.0,20.0
e2b2f194ebeff245c0d996fe093ca15e,fashion_bolsas_e_acessorios,53.0,300.0,1.0,100.0,21.0,9.0,14.0
c3d5a66bdd6bd3a9c7b3b53a46adc4d7,telefonia,54.0,2201.0,2.0,175.0,18.0,5.0,12.0
fe7976532777922f0d60261e75f7ad36,telefonia,55.0,364.0,4.0,150.0,16.0,4.0,13.0
4d6214838983b6f8ef242a0326712460,papelaria,52.0,39.0,1.0,300.0,16.0,5.0,16.0
cbd2c1ba72b7f4ce36a69fd430c019ae,esporte_lazer,46.0,3184.0,1.0,2380.0,32.0,30.0,23.0
5a303a4e6cbf8550e80d43a01997acf2,esporte_lazer,39.0,1513.0,1.0,2450.0,45.0,50.0,35.0
83fcbcb7aee7d8032262103f5e441ffd,relogios_presentes,59.0,414.0,2.0,700.0,30.0,10.0,30.0
5df044498554dec765264c2cad9804e6,esporte_lazer,49.0,147.0,1.0,650.0,20.0,7.0,14.0
08adf4f96646dd795d6f472ff1a1ece4,automotivo,38.0,2304.0,4.0,250.0,16.0,6.0,15.0
4ff6d690de7f98ab534ab22881bf5819,alimentos_bebidas,57.0,986.0,1.0,1200.0,19.0,12.0,12.0
a9bee48e0a7a18e54e069c38a97e8b6c,utilidades_domesticas,28.0,264.0,2.0,400.0,30.0,4.0,17.0
78b3ee06d49e019869ec3ec4e356d055,papelaria,59.0,238.0,2.0,6700.0,60.0,10.0,15.0
88ef4dcecbad145f927ebce34fbdde97,brinquedos,36.0,1588.0,4.0,2050.0,47.0,13.0,24.0
4b5e26931a0b0d3a690a3f520329a975,esporte_lazer,57.0,1161.0,10.0,9450.0,85.0,10.0,33.0
2990952a0c7c8dd6c64d1db4d183c1fb,telefonia,59.0,818.0,6.0,250.0,17.0,4.0,12.0
08958eb11767450566d8328f3f1b63b0,utilidades_domesticas,53.0,616.0,7.0,850.0,16.0,20.0,30.0
37dcce9d511e9729330ad4d80de13cfa,fashion_bolsas_e_acessorios,52.0,731.0,1.0,100.0,16.0,2.0,20.0
fff515ea94dbf35d54d256b3e39f0fea,relogios_presentes,57.0,641.0,1.0,450.0,28.0,10.0,18.0
969c31fd56d207713e9475c051d984c8,beleza_saude,57.0,312.0,6.0,700.0,25.0,25.0,25.0
d02df257dbc6857326ebdb3ffc3d6848,esporte_lazer,56.0,261.0,2.0,800.0,60.0,15.0,15.0
40cc62bf0cf7aacfd12d865c196baa55,telefonia,49.0,613.0,2.0,250.0,19.0,4.0,11.0
67fcc72a4cfd0ac826c0158ce5c98ae6,esporte_lazer,45.0,1562.0,4.0,3150.0,60.0,9.0,23.0
18ca3438371b0b52c505b34d768b7fb4,papelaria,38.0,141.0,4.0,200.0,23.0,7.0,15.0
d4f91ac96799dc3d9221293e29892e30,brinquedos,43.0,713.0,3.0,700.0,35.0,7.0,35.0
8096dd79187d317b844454d6e6d9039a,cool_stuff,43.0,1462.0,1.0,900.0,25.0,7.0,12.0
e17f694e7de7c845aebedc0de790ac6c,esporte_lazer,54.0,227.0,3.0,1800.0,26.0,26.0,26.0
48a12f318432c4b6a1fdfd5d79372e66,cama_mesa_banho,54.0,584.0,1.0,1200.0,33.0,8.0,23.0
5e1fd83e9a7c4730ccc806c248ca0720,ferramentas_jardim,47.0,708.0,4.0,650.0,30.0,10.0,22.0
ec268f069320a08af47861967e4d7bee,esporte_lazer,30.0,410.0,1.0,1207.0,24.0,25.0,21.0
1e28482c87af71997ffdfe62d8f5b993,relogios_presentes,38.0,422.0,1.0,275.0,21.0,13.0,14.0
838445b2f00d1f21a97ad3f33f93a956,cama_mesa_banho,44.0,726.0,1.0,300.0,36.0,6.0,26.0
89321f94e35fc6d7903d36f74e351d40,alimentos,59.0,982.0,1.0,150.0,17.0,13.0,13.0
19db7ccde0bb9cb62b208b2b3b794927,telefonia,57.0,1009.0,1.0,200.0,18.0,6.0,12.0
21f3c02a56cb1c530fd3c87a858c562b,relogios_presentes,54.0,631.0,2.0,260.0,17.0,12.0,12.0
8d441ff01f66c805926620ee776aa2be,utilidades_domesticas,49.0,124.0,1.0,800.0,16.0,16.0,16.0
2a209ce7ce3ea3a21cc0b4c36495e9df,eletrodomesticos,60.0,1419.0,2.0,15225.0,31.0,14.0,22.0
661d83b6b4988942aa9b449b57e12f81,brinquedos,60.0,48.0,1.0,1400.0,60.0,30.0,16.0
15d0beee06988a8a3a98717582e478e6,esporte_lazer,44.0,3674.0,1.0,1400.0,31.0,36.0,31.0
4fb3e6ce442ce9c621ea9509e47ac951,esporte_lazer,40.0,1023.0,1.0,1136.0,26.0,29.0,21.0
d2b42ba1cc7c04d6f6e4ea54392b95fa,eletronicos,60.0,318.0,1.0,150.0,25.0,7.0,16.0
e3374a33d19814ea4cbd0ac5da8e3978,brinquedos,57.0,761.0,4.0,715.0,21.0,12.0,17.0
2e06288cce0a0fdfeb537263dd3b3f3f,brinquedos,37.0,1451.0,4.0,1330.0,38.0,23.0,18.0
d90d7857e8369bf261bcbaeb9731b64e,perfumaria,51.0,1526.0,2.0,850.0,26.0,10.0,26.0
d86a6c48f83b045cbba6df84926a1f25,brinquedos,58.0,1150.0,2.0,3900.0,45.0,33.0,26.0
68ea0193be80f4865155be5c96c58f43,cama_mesa_banho,60.0,298.0,1.0,2700.0,33.0,7.0,39.0
21a3fd0dcc50f6c1dbd01c2faf1db393,cool_stuff,49.0,1621.0,7.0,6317.0,37.0,39.0,43.0
844c6d466a0b3ae37536094e43dc4522,telefonia,33.0,315.0,3.0,100.0,19.0,3.0,11.0
4884efc9339400dcffa6a8ef0d23c2bf,automotivo,38.0,496.0,1.0,550.0,20.0,10.0,15.0
e40fa115d27ea4a80bf2136d5f0cfcd7,eletrodomesticos,60.0,245.0,3.0,350.0,27.0,13.0,17.0
fff1059cd247279f3726b7696c66e44e,esporte_lazer,53.0,285.0,1.0,421.0,16.0,13.0,16.0
31666362dfd77bdc5d7777b463acfe68,eletrodomesticos,56.0,924.0,2.0,450.0,60.0,8.0,36.0
c0fc7711dd6c18600d83a5420d0e010b,automotivo,60.0,951.0,4.0,600.0,19.0,16.0,18.0
81e864337e4e8fc1d981a01e27a86be1,moveis_decoracao,45.0,489.0,2.0,600.0,30.0,20.0,20.0
d882625606363a3200e0f9fee9452105,beleza_saude,59.0,692.0,3.0,175.0,18.0,11.0,11.0
28a0aebd7bf7ec9b31443c4cfd3e0f0c,informatica_acessorios,58.0,238.0,2.0,350.0,16.0,8.0,11.0
f30bede207296a97f28cebe71037e67a,papelaria,46.0,55.0,6.0,600.0,29.0,3.0,25.0
d593482d0fde39297f9253274b4903d9,esporte_lazer,38.0,1731.0,1.0,350.0,20.0,15.0,17.0
5e53af05c040b01584b81b3549945faf,construcao_ferramentas_ferramentas,53.0,470.0,3.0,200.0,16.0,16.0,16.0
99e2dfc6bf7123fa4e2678e5b21d43bc,esporte_lazer,50.0,942.0,1.0,983.0,24.0,15.0,17.0
2cc294be30478c5b330a17360b597951,pet_shop,43.0,519.0,1.0,450.0,20.0,50.0,20.0
b9d4937a9a9c016477f28b7def81bdcd,cama_mesa_banho,38.0,321.0,1.0,725.0,43.0,10.0,23.0
9cd79ac3aef250c2bdb124ba243ec5bf,eletronicos,50.0,49.0,1.0,200.0,16.0,16.0,11.0
a2a1d57880bb40e60b59530ba0177ccf,cama_mesa_banho,56.0,352.0,2.0,900.0,50.0,11.0,11.0
88f608e85fd33226d6fa5e15d9748d92,eletronicos,59.0,1302.0,3.0,500.0,16.0,8.0,11.0
a2bf540a9bef22e03c87697bac6ea793,esporte_lazer,22.0,608.0,1.0,10450.0,33.0,10.0,11.0
4487261e208ce5d3a8d1a997ccd99dcf,cama_mesa_banho,29.0,552.0,4.0,2050.0,40.0,10.0,32.0
014a8a503291921f7b004a5215bb3c36,bebes,37.0,497.0,4.0,150.0,16.0,7.0,11.0
b47246a2d424fae0bb3e352ef204496a,automotivo,42.0,398.0,1.0,600.0,16.0,6.0,11.0
7d6dbf339def0ac9e8da299cfe91bc3a,cama_mesa_banho,51.0,144.0,1.0,600.0,21.0,12.0,14.0
4bb72c0d466766c287b67e15fb8121dd,automotivo,58.0,705.0,2.0,350.0,17.0,21.0,11.0
09cbb58b67d2f010f3ce6ae6196f1ed9,moveis_decoracao,41.0,592.0,1.0,1900.0,65.0,12.0,12.0
64a729b37766f9411a1f786ff060cc85,informatica_acessorios,60.0,2692.0,2.0,6550.0,19.0,40.0,50.0
36e3be906f26fd10ba0470f646f66c91,cama_mesa_banho,46.0,2377.0,1.0,1700.0,30.0,23.0,11.0
b3cd491b3a347c8becc23fa5515440f9,utilidades_domesticas,60.0,446.0,5.0,15000.0,52.0,28.0,52.0
b570f2a8228eeaa87e224f25264576b5,cama_mesa_banho,59.0,81.0,1.0,800.0,20.0,2.0,15.0
269e87010f6d5e57015a90b00983e334,informatica_acessorios,63.0,167.0,2.0,250.0,22.0,2.0,14.0
a8fe47ad6f852f93cc92c7b408687de3,esporte_lazer,27.0,202.0,5.0,400.0,70.0,10.0,20.0
b29c1183f3b20aa09c3c13ce0bf9996c,relogios_presentes,56.0,555.0,1.0,150.0,20.0,5.0,15.0
6b9d88f0b36f59a30d29fd2f77afb645,utilidades_domesticas,59.0,194.0,2.0,2100.0,48.0,26.0,28.0
108dbde571d17eee3c21fa2492e8921b,beleza_saude,55.0,1200.0,1.0,900.0,18.0,12.0,18.0
1ebb6bef272babda147dfdc51b0201e7,fashion_bolsas_e_acessorios,48.0,382.0,5.0,300.0,16.0,9.0,11.0
bdbf4ac9c8a5cd8162e96e84231d33ca,casa_construcao,53.0,922.0,7.0,1050.0,16.0,20.0,16.0
3f492185923b69e5e936c2d988dca905,relogios_presentes,58.0,731.0,2.0,250.0,16.0,11.0,11.0
a1c4213421e6cf98f7167b2086e96ea2,perfumaria,47.0,402.0,1.0,133.0,16.0,16.0,13.0
f7adf36ac9a90fe0ef2ab34bc1baa8b5,automotivo,58.0,506.0,4.0,100.0,23.0,2.0,17.0
a2f7cac38089c44bb364918bd80468d5,beleza_saude,49.0,2151.0,1.0,500.0,40.0,20.0,30.0
3348355c60a53ca51a5bb5a4b63e77a6,cama_mesa_banho,49.0,506.0,1.0,750.0,45.0,15.0,35.0
ba80c9f47a84d1e08465f72e22930c83,pet_shop,41.0,901.0,1.0,150.0,19.0,10.0,15.0
39e96bf755a2107369e9e9654476d831,moveis_decoracao,57.0,470.0,1.0,2200.0,50.0,20.0,40.0
b621b4b501b679f21cf155135207503b,brinquedos,44.0,2010.0,2.0,300.0,16.0,7.0,11.0
5ad76c6eb8365ae960c67efe0292cf85,pet_shop,50.0,163.0,1.0,350.0,16.0,16.0,16.0
e0104b143b87f5f1e013446c12add851,relogios_presentes,32.0,611.0,4.0,700.0,17.0,13.0,15.0
2f199414628d54a778b360b5c758b78b,casa_construcao,59.0,854.0,4.0,650.0,22.0,18.0,22.0
49e4da381c1d39e7df445cb2209e2359,beleza_saude,50.0,1678.0,1.0,1200.0,20.0,16.0,20.0
1a00358b2af8b1c79f570a0e0ceb2208,cool_stuff,60.0,482.0,3.0,833.0,17.0,12.0,16.0
d52463875db80535c279cf58f6f5c183,moveis_decoracao,60.0,769.0,2.0,3300.0,33.0,8.0,33.0
4be566f7ce6887d7ba428bccab9db80d,beleza_saude,40.0,664.0,1.0,4800.0,27.0,22.0,39.0
81a5ad77c14cd83d0c853e4c317cb837,ferramentas_jardim,64.0,1146.0,1.0,345.0,19.0,16.0,23.0
11b87559bbd51bf8e14c5937b9646344,moveis_decoracao,52.0,421.0,2.0,24100.0,47.0,11.0,25.0
08056d78bb75ed3ace107c72c16ec511,cool_stuff,35.0,443.0,1.0,1011.0,24.0,23.0,22.0
691e72a37278e33ac031c3976358446b,brinquedos,53.0,433.0,1.0,900.0,40.0,12.0,30.0
30a70759c34dd4a29c5596778a0eb116,perfumaria,58.0,625.0,2.0,400.0,16.0,16.0,18.0
3cb11cc74ce2cf42fd23d867c18a7745,brinquedos,58.0,701.0,6.0,2250.0,55.0,12.0,35.0
78b003db341f835b585e8190ccf4e29b,utilidades_domesticas,54.0,1795.0,3.0,700.0,40.0,15.0,20.0
381f27465b52fd5f9fe3b668e53c1eb7,eletroportateis,48.0,84.0,1.0,700.0,16.0,35.0,25.0
48f9072e368f7d7a924a4290c84121a5,relogios_presentes,42.0,712.0,1.0,350.0,16.0,12.0,11.0
525f8fbde09c9bf777025c3141fbbc6e,climatizacao,52.0,346.0,3.0,250.0,22.0,11.0,16.0
8d72bd9268379ba4f39affd5ac80ac39,cama_mesa_banho,51.0,413.0,1.0,1650.0,42.0,11.0,36.0
c25202cc84e17ea4188bdd80a6b069e9,automotivo,59.0,2811.0,1.0,463.0,16.0,13.0,15.0
d3b6a4e19012dd1e65f587d3be501fc1,market_place,36.0,381.0,4.0,100.0,16.0,9.0,11.0
39e2a9a2f088b50daf806b7a7e1aea82,casa_construcao,59.0,872.0,7.0,450.0,16.0,20.0,16.0
dd0286e208604a3b60d3d0653981dbd7,telefonia,46.0,772.0,2.0,163.0,18.0,8.0,13.0
fddede0d4854d07dbb9bcf3b090697f3,automotivo,53.0,357.0,2.0,500.0,16.0,16.0,12.0
65785506a1566ea8655e9e1665754947,automotivo,56.0,215.0,1.0,200.0,16.0,8.0,11.0
0b9ee48363c794d37d5e9991d72f9b55,eletronicos,46.0,339.0,2.0,150.0,18.0,15.0,16.0
66d8fb4ea4391a1f36cf50152c26b4ca,cama_mesa_banho,50.0,558.0,1.0,2300.0,25.0,25.0,25.0
64d3a062571cfc39b9543b7bf5b14d22,beleza_saude,45.0,381.0,1.0,700.0,17.0,17.0,17.0
741a31499a578979be85db7f80139e62,moveis_decoracao,59.0,473.0,1.0,600.0,30.0,3.0,20.0
c7ca99b36741a465e2ea397d5091105f,esporte_lazer,61.0,990.0,6.0,150.0,26.0,2.0,21.0
f5043f8b770cb875d3157ec66f8a9dd3,telefonia,56.0,501.0,3.0,125.0,19.0,4.0,11.0
baa1fd3231ef36f7fea009503748eab4,beleza_saude,58.0,418.0,4.0,400.0,15.0,13.0,14.0
cbe952607a2215211502095c631ea179,cool_stuff,42.0,268.0,3.0,700.0,47.0,8.0,30.0
53bf7ec76fb003c1e46c3811fb17727f,esporte_lazer,44.0,346.0,1.0,300.0,20.0,20.0,20.0
4606f0b0bceceb75e7a887e6b57cae3e,informatica_acessorios,43.0,583.0,1.0,814.0,32.0,16.0,15.0
f861a4d17125be291c6996bb79ff59b2,moveis_decoracao,39.0,400.0,1.0,450.0,35.0,35.0,11.0
fe0a8502d28faaddaa89ebedadc543ae,automotivo,55.0,171.0,2.0,100.0,16.0,16.0,12.0
521ff66814fcd02e8ac29259c4feacb6,instrumentos_musicais,60.0,1007.0,5.0,5450.0,101.0,14.0,49.0
733162823b9a1dbc958b0988d32229da,artigos_de_festas,46.0,459.0,1.0,1350.0,23.0,17.0,18.0
06435c7fcaee30b55bdd89feb2ec9be7,moveis_decoracao,63.0,525.0,2.0,350.0,80.0,10.0,60.0
b63ecf99904f905e0d594b11ac06281e,cama_mesa_banho,30.0,204.0,1.0,3785.0,44.0,13.0,42.0
17222c974b8e98e7df1f7da91491178a,ferramentas_jardim,37.0,775.0,2.0,500.0,20.0,20.0,20.0
36908dfc3aabeafc9039dc2365586c0e,esporte_lazer,55.0,1124.0,1.0,400.0,18.0,12.0,15.0
618a8dac41d5f04a248927a5f44c1f13,fashion_calcados,63.0,306.0,3.0,1100.0,33.0,19.0,12.0
613d093272cb8f74f25a01e430155a6a,agro_industria_e_comercio,39.0,326.0,1.0,1050.0,38.0,41.0,39.0
9a8aca8148bad37bbe7baf1f0564472d,moveis_decoracao,27.0,305.0,1.0,2800.0,49.0,10.0,38.0
19652da3a9b3cf78255f933ad658ed72,utilidades_domesticas,57.0,904.0,2.0,400.0,22.0,7.0,15.0
d349b106eb0af8ebe0b821baf7705208,automotivo,46.0,1138.0,2.0,5400.0,20.0,14.0,20.0
ead6d52e3dc075669af5d7a1958b0f07,brinquedos,35.0,729.0,2.0,1400.0,20.0,20.0,20.0
e1963d980dceccd99cce847556e111ae,utilidades_domesticas,56.0,658.0,3.0,1500.0,30.0,24.0,20.0
7d280add4441effb2c942c68738b3faa,moveis_escritorio,63.0,1288.0,1.0,12550.0,57.0,54.0,21.0
0ad10ec3dc489499e5d7cd19b5181ffe,esporte_lazer,53.0,1048.0,1.0,21300.0,19.0,40.0,19.0
96b7d9d0248d6f0f688e1a1987642733,bebes,44.0,1280.0,4.0,7050.0,51.0,25.0,48.0
7e1fa9dcf2c39f7fe71d43ce0a09dbb5,eletrodomesticos,57.0,416.0,1.0,11950.0,50.0,2.0,37.0
cde7eb02af6868b9904f1ea2c7fdfdc3,relogios_presentes,56.0,398.0,3.0,500.0,20.0,30.0,20.0
f3466e14c29ba0ba18ff6362c94ecdfa,relogios_presentes,38.0,397.0,3.0,560.0,18.0,11.0,16.0
a74d56e3486a7ddc68958695a48277d1,automotivo,39.0,249.0,2.0,17300.0,57.0,20.0,57.0
53831e0850c84699b8fa4a593a529774,ferramentas_jardim,59.0,864.0,1.0,350.0,21.0,21.0,14.0
1799c1c2eadf9f798fd74599e6028510,fashion_bolsas_e_acessorios,36.0,822.0,5.0,50.0,18.0,18.0,12.0
2988acfdcc0351677a6a53f4f51b24cf,utilidades_domesticas,55.0,1332.0,1.0,1200.0,25.0,32.0,25.0
6086d4e24d4dd50521452e49bde06628,cama_mesa_banho,44.0,482.0,1.0,5500.0,56.0,21.0,42.0
ac8ead6d720eaa6c547bb93c6044b285,moveis_decoracao,59.0,316.0,3.0,11400.0,60.0,6.0,60.0
627025506c84c8b1d34791a89aa3a8dd,construcao_ferramentas_construcao,57.0,931.0,4.0,500.0,20.0,30.0,15.0
94957e92f3bfe1d1b2330039dc803853,moveis_decoracao,57.0,1030.0,2.0,1000.0,20.0,40.0,20.0
cf6c3dd9d7edc47eb9463ec79f6aaaf4,eletronicos,46.0,473.0,1.0,2200.0,45.0,15.0,25.0
cfdea8fdeffa0be98a7e7d3e1dd71dcd,utilidades_domesticas,38.0,525.0,1.0,15600.0,104.0,10.0,43.0
370c500401de58da2a25c8cab27527cc,brinquedos,59.0,1220.0,2.0,2200.0,41.0,26.0,41.0
3b9c4a90ade7d4cb7e5b5c5ba475ef9a,moveis_decoracao,40.0,248.0,2.0,13050.0,82.0,6.0,82.0
0b2a1288e8ba64c797e7586c8df75602,agro_industria_e_comercio,38.0,397.0,1.0,3450.0,33.0,36.0,33.0
4eccb57987c7f971d1fd64f81362f191,malas_acessorios,39.0,38.0,6.0,200.0,16.0,7.0,11.0
6761b88d4716b34a0d41bb8d13e20db0,casa_conforto,57.0,281.0,2.0,1900.0,45.0,15.0,35.0
5fe490e61e7a37f2f0d1ad1771ac027d,beleza_saude,48.0,469.0,2.0,750.0,22.0,8.0,12.0
cc53571eed3eb6a52148b2145955a0ef,brinquedos,56.0,1839.0,4.0,1600.0,30.0,37.0,20.0
fb98e86cfbfbff699907f0a84784d474,cama_mesa_banho,47.0,297.0,1.0,1400.0,37.0,23.0,35.0
078482c5821678267aeb55b8edcdcb29,market_place,36.0,1339.0,1.0,250.0,19.0,14.0,16.0
1c8068ff974de37eac2c0c8ce23f4ef0,beleza_saude,50.0,583.0,1.0,900.0,16.0,25.0,15.0
a2a7efc985315e86d4f0f705701b342b,informatica_acessorios,45.0,837.0,1.0,1133.0,16.0,15.0,20.0
814db92f0cda8c71fa27f4b022cea56f,fashion_calcados,34.0,240.0,12.0,200.0,29.0,7.0,16.0
b917d488bd4ad4225f8d046a32e2d122,pet_shop,63.0,687.0,2.0,200.0,20.0,10.0,20.0
e7e03e8b1be7be77130e8f6e719fae5f,consoles_games,44.0,180.0,1.0,500.0,30.0,7.0,25.0
9df597081d18ddb0f995470f3203d467,informatica_acessorios,59.0,410.0,1.0,300.0,16.0,8.0,11.0
17c52ae67ff6a495f5c73e4fe7beb56a,fashion_bolsas_e_acessorios,44.0,371.0,5.0,300.0,16.0,5.0,14.0
abe0406750c920638274baad5a52d61e,eletronicos,58.0,458.0,2.0,475.0,22.0,16.0,18.0
ce250e78def55ee3c4c8b8f708fcd867,casa_construcao,41.0,215.0,6.0,150.0,16.0,7.0,12.0
1e114096c8024159923dcf2c857e4ca4,alimentos,57.0,606.0,3.0,150.0,22.0,4.0,17.0
52e1126012d5713a3e7c701308355457,automotivo,56.0,98.0,1.0,250.0,30.0,10.0,18.0
312669e28dbea698f766c3daf44771c8,fashion_bolsas_e_acessorios,60.0,53.0,1.0,200.0,16.0,2.0,20.0
e06f99e79036d681effa3de75989bf22,relogios_presentes,54.0,257.0,5.0,200.0,16.0,2.0,20.0
ddd8d70dbc1a5ffe5431c810baf7fec2,construcao_ferramentas_seguranca,51.0,699.0,1.0,600.0,23.0,10.0,14.0
77e18e3ca8faefc4f9a5af55e6243892,cool_stuff,41.0,578.0,2.0,600.0,25.0,25.0,25.0
53f94c255b909ffb24a4047e0c255b91,eletroportateis,32.0,869.0,2.0,405.0,18.0,13.0,13.0
6ca32b4631431cb1fe976880797a0f5c,pet_shop,19.0,619.0,6.0,5350.0,50.0,30.0,40.0
d5140e1d258c83a340419c6522c7da22,moveis_decoracao,51.0,439.0,1.0,1500.0,42.0,10.0,32.0
0412ec72192f1d85e92047c0773434ec,instrumentos_musicais,58.0,1202.0,2.0,15400.0,45.0,20.0,100.0
d01aecb36866fc591c820b48afabb32d,utilidades_domesticas,37.0,900.0,4.0,11650.0,54.0,20.0,54.0
0a6cff78b203b5224378cf8db2dff5a6,bebes,49.0,1056.0,3.0,400.0,35.0,6.0,26.0
b9142260cefbbd5688748061179bb7fe,cama_mesa_banho,49.0,316.0,1.0,5850.0,45.0,21.0,37.0
08ac23cd333352eff43b210f6ebaaff4,moveis_decoracao,58.0,314.0,1.0,400.0,40.0,15.0,40.0
d7324c6fc32d3b7077415f24e259ed8f,beleza_saude,48.0,204.0,2.0,50.0,19.0,11.0,23.0
b97114b2893e68400ae867459b491bcd,cama_mesa_banho,44.0,331.0,1.0,360.0,36.0,6.0,26.0
6df23f718baba6b30c0f3a6a516ae0bf,automotivo,39.0,381.0,1.0,700.0,21.0,9.0,12.0
e92a985a8d92ec8e08cb04d6d9396026,perfumaria,35.0,1311.0,1.0,250.0,16.0,2.0,20.0
3d388ad844800bc833bd3e880740917f,beleza_saude,60.0,3504.0,4.0,9500.0,95.0,15.0,65.0
db9f62e6fb453028d58b26fa46c56d31,bebes,35.0,408.0,1.0,100.0,20.0,6.0,15.0
1a43e86fd17dcec91ec053c9a1adeaac,perfumaria,43.0,232.0,1.0,444.0,20.0,14.0,15.0
47b61a5f9093614abf8416431fa2817c,malas_acessorios,38.0,267.0,1.0,500.0,18.0,45.0,32.0
cdbcde669141ea6af7193857333db4ff,moveis_decoracao,50.0,279.0,2.0,5550.0,45.0,30.0,45.0
210927ec4e766c525d07a1c17d4bb578,papelaria,49.0,414.0,1.0,150.0,20.0,20.0,20.0
2135fcbb25adcdcbe1b910622300a508,automotivo,58.0,208.0,1.0,100.0,20.0,15.0,20.0
8c59dc491e73996f708d433188285ed1,cama_mesa_banho,55.0,315.0,2.0,850.0,30.0,10.0,25.0
19f27a3b9d40e71e14679fe2f75bd41a,informatica_acessorios,50.0,264.0,1.0,368.0,19.0,11.0,14.0
af4c5334329f4b3de5b2738af0bf69de,fashion_calcados,48.0,375.0,6.0,300.0,29.0,7.0,16.0
0f2210490db477cfc80743481d0b6399,cama_mesa_banho,54.0,1160.0,1.0,7800.0,40.0,40.0,40.0
3a63f38267d980e6107579e72c2f1c51,pet_shop,56.0,322.0,2.0,850.0,16.0,16.0,16.0
42e408dbdc12442635dfc2ea9c6a97cc,cama_mesa_banho,47.0,104.0,1.0,1200.0,36.0,14.0,36.0
62cf23497081c863dc4b2935c279d5a0,cama_mesa_banho,57.0,635.0,1.0,2700.0,20.0,15.0,20.0
0bc4d2de176747bbc8b5e680bfdb66b6,esporte_lazer,55.0,1007.0,2.0,4750.0,20.0,20.0,20.0
1cd17c8beea6f950dcdcb8e514d1fdfb,cine_foto,56.0,829.0,1.0,850.0,30.0,13.0,30.0
a934e0f29d3b0843308564ed3ec07058,perfumaria,48.0,143.0,1.0,350.0,18.0,8.0,12.0
537795846d3155fd59b4eb12545b1b2f,perfumaria,54.0,937.0,1.0,50.0,16.0,5.0,11.0
bb7a9375a368ae9aaa1ce5bb3db3d9ef,automotivo,60.0,341.0,1.0,400.0,20.0,20.0,20.0
5599be6fe59cd2257edfdec9d45442e0,automotivo,59.0,1157.0,3.0,400.0,17.0,21.0,11.0
797db4aaf1d7db19f13d21423f07b8e1,automotivo,60.0,1465.0,10.0,22900.0,87.0,40.0,30.0
72bd0a03987cd55970cb61c661cd90c8,moveis_decoracao,56.0,1497.0,3.0,2450.0,105.0,3.0,70.0
9cc8a90a8f8b6a7b56a486b612b40efa,esporte_lazer,55.0,2835.0,1.0,1225.0,33.0,28.0,28.0
aef5dacb8cffba210a6e307dd01e4923,cool_stuff,55.0,410.0,2.0,1150.0,36.0,16.0,24.0
c50acd762180950385dcac913067fd44,utilidades_domesticas,57.0,739.0,1.0,1700.0,30.0,30.0,30.0
cb5c020ae387a4159ee7bf98cf0c69ed,relogios_presentes,42.0,590.0,1.0,450.0,20.0,12.0,15.0
c0f855945728161d7f6ea3db9950989b,esporte_lazer,44.0,811.0,3.0,1967.0,44.0,18.0,47.0
347b87eae9fc537319fceb5bf22d22fe,beleza_saude,59.0,651.0,1.0,150.0,23.0,7.0,12.0
12ce53b5f757dfcb8e78117caa2d6ac4,eletronicos,55.0,57.0,1.0,150.0,16.0,7.0,11.0
74d4aaa8660d96be90bdaaf7fbe60a6d,automotivo,48.0,169.0,3.0,1650.0,20.0,20.0,20.0
797897e182469fff3c330560d2fc851f,beleza_saude,54.0,1719.0,3.0,5300.0,22.0,46.0,32.0
7ad0b0e87f7c4eb1b68a8cebf875257b,moveis_decoracao,52.0,497.0,2.0,2150.0,30.0,20.0,20.0
7a49adf051c1e6fc5b639a98d17756f0,eletronicos,46.0,233.0,1.0,175.0,21.0,15.0,20.0
a9e1f2fff48f21f5e6fc9dce739e1160,esporte_lazer,59.0,834.0,1.0,1275.0,62.0,16.0,16.0
b91e21bfc2c8edfe31dda8ab56cc8791,utilidades_domesticas,57.0,991.0,6.0,5050.0,36.0,33.0,26.0
1fa968aa921dd9cdf625d5caf8f96654,esporte_lazer,50.0,830.0,1.0,700.0,16.0,15.0,15.0
d22751a68b1be27e8cc1e6e328ffbc39,telefonia,59.0,818.0,6.0,350.0,17.0,4.0,12.0
28dc766929435d5a8555ce85e2f82667,eletrodomesticos_2,32.0,679.0,1.0,12783.0,36.0,52.0,31.0
c4a235a34fa3361e6746f11175504a94,beleza_saude,13.0,1778.0,1.0,200.0,23.0,9.0,14.0
159dc4423e5092c3baa443379a458fa9,beleza_saude,55.0,1165.0,1.0,1100.0,37.0,12.0,22.0
3b2d562ba6c9d15492a868f38b896e84,telefonia_fixa,60.0,950.0,1.0,900.0,21.0,8.0,22.0
f4a53b6154c996879ab3efb88b2af77e,telefonia_fixa,63.0,332.0,3.0,150.0,16.0,4.0,11.0
b27b9df9f45462cc40727ef0681d5995,beleza_saude,55.0,1508.0,1.0,250.0,19.0,14.0,11.0
9b1430fd2db68dd26abc986921680143,cama_mesa_banho,59.0,81.0,1.0,350.0,20.0,2.0,15.0
6cc77f7f5a82f5afe9ededad3e9d9400,cool_stuff,53.0,385.0,1.0,1783.0,35.0,7.0,35.0
f045dc40e1d54d2f70286e4cbb07a357,casa_construcao,50.0,898.0,5.0,550.0,17.0,26.0,17.0
6157bc1be1e8edc531fc0c94dddf5ac9,telefonia,60.0,818.0,6.0,300.0,17.0,4.0,12.0
c82f1b01c42306423e552a3df6875291,moveis_decoracao,59.0,201.0,4.0,800.0,21.0,21.0,21.0
226ed57b23d44cff0ee5aabd9f268fd8,automotivo,54.0,159.0,2.0,4800.0,50.0,8.0,20.0
a41aeb9e79798800bc4d7984db492f2a,informatica_acessorios,57.0,3651.0,5.0,400.0,17.0,7.0,13.0
57b82771ce003dac0f16625ce9e85dca,cama_mesa_banho,42.0,324.0,1.0,950.0,36.0,4.0,29.0
317ac060ed225d07050a819ca208d66e,ferramentas_jardim,41.0,406.0,1.0,5500.0,18.0,12.0,58.0
b6046194183ce54d8fcaa7a2d28b1095,ferramentas_jardim,60.0,531.0,5.0,400.0,30.0,7.0,23.0
c63ea4621680c1b0fca8864c0564bd78,informatica_acessorios,57.0,918.0,1.0,625.0,25.0,8.0,23.0
aafdd162fb3c1c192698bcee92418e37,brinquedos,56.0,836.0,3.0,400.0,25.0,45.0,20.0
d68b7771d853f126569c7e64658e3162,fashion_bolsas_e_acessorios,60.0,114.0,3.0,200.0,16.0,2.0,20.0
64090c2cdb0259629a3584edeb23181e,esporte_lazer,48.0,3884.0,1.0,1250.0,22.0,27.0,22.0
1be9a7b25f7ddfe1dfda88b9b64f595c,relogios_presentes,52.0,724.0,2.0,200.0,16.0,11.0,11.0
e0884eed28311e4365d93a89ac57eafb,audio,47.0,423.0,1.0,250.0,27.0,5.0,20.0
afe03a970bfcfb89d67682980d6ffed5,papelaria,52.0,756.0,5.0,450.0,18.0,18.0,18.0
7099b88be79102f4ec1fb1410b28d466,beleza_saude,56.0,783.0,5.0,500.0,27.0,14.0,23.0
db3eeacbf61279de941b24d74d39e7ef,automotivo,48.0,152.0,3.0,2550.0,34.0,7.0,17.0
1a3f8351b158ae2a59427830a660eb0a,utilidades_domesticas,43.0,1069.0,1.0,600.0,16.0,30.0,11.0
8b50377e6ef3606c6e606ca0289d5f34,telefonia,32.0,184.0,2.0,200.0,25.0,17.0,25.0
663cce5b111af36144b6aad932e5a4ab,consoles_games,29.0,1502.0,2.0,100.0,16.0,11.0,12.0
ce11f5eb434bd8e7c26fdfaf25a0b167,dvds_blu_ray,48.0,486.0,1.0,200.0,20.0,2.0,14.0
15d5088ad671c687e6ee89b9ba4e0766,eletroportateis,25.0,812.0,1.0,17325.0,35.0,40.0,40.0
674be5e777bdff41cf05194fa4e8b64d,utilidades_domesticas,44.0,1134.0,1.0,2350.0,27.0,21.0,23.0
ac8e7cf3a658f63dc68dd7f3b8b5f97b,esporte_lazer,54.0,3481.0,1.0,3100.0,30.0,24.0,24.0
9ef8eabf54b45bc606e85fcb4d97e968,automotivo,40.0,1387.0,1.0,2140.0,38.0,38.0,36.0
3cdb91cbeb22b6e87c8b595b68dfd5eb,construcao_ferramentas_ferramentas,59.0,326.0,1.0,800.0,30.0,30.0,30.0
01c69d0fbb0d9d8f42ac171ac1238233,beleza_saude,52.0,416.0,1.0,30000.0,55.0,75.0,61.0
f6605392877b41d225dd146d2cf116b5,ferramentas_jardim,56.0,1182.0,1.0,550.0,17.0,17.0,17.0
6fb42788c5ef9affaa2fec30ca8b6053,ferramentas_jardim,39.0,372.0,1.0,200.0,16.0,3.0,13.0
21a53da27d4b830f32f475a09f0bd54a,cama_mesa_banho,57.0,247.0,1.0,1500.0,45.0,15.0,35.0
eeb140d5f26a24f9920969845deb6b4b,utilidades_domesticas,29.0,850.0,2.0,600.0,16.0,12.0,12.0
20531b0644a0719b8d506c4db3c56609,utilidades_domesticas,55.0,375.0,3.0,10050.0,31.0,61.0,31.0
c6eea384e62b799e78267eaeea987eaa,bebes,60.0,1443.0,6.0,30000.0,84.0,54.0,45.0
39b86f4e3aedf22731990099a660a6f5,fashion_bolsas_e_acessorios,59.0,150.0,7.0,200.0,16.0,2.0,20.0
6f0169f259bb0ff432bfff7d829b9946,casa_construcao,58.0,918.0,6.0,1050.0,16.0,20.0,16.0
75bc0bb91f61a5baa249e4db903eb504,ferramentas_jardim,58.0,143.0,1.0,3800.0,35.0,35.0,25.0
fa05a3cc2d44ecc49e3e6c5a80958845,relogios_presentes,50.0,368.0,1.0,500.0,25.0,13.0,13.0
470433f95ba906e17efac3fce39e9ffd,informatica_acessorios,46.0,1186.0,4.0,4000.0,34.0,14.0,30.0
eda35b044961997f258dbd749bce05cf,informatica_acessorios,60.0,452.0,2.0,1000.0,20.0,30.0,20.0
b5c4801466295e45d80d659858124b4f,bebes,56.0,1291.0,4.0,7500.0,32.0,77.0,49.0
cdb8d3c880b6639a70764c6734e6bb69,beleza_saude,25.0,447.0,1.0,30000.0,58.0,55.0,44.0
57d52385ff40989aa342e516168e080c,automotivo,38.0,1014.0,1.0,550.0,16.0,2.0,11.0
188025a9e821ac2a983b63c5d7512df0,brinquedos,60.0,1172.0,4.0,2200.0,31.0,65.0,19.0
5d978726f875efd5fc81fcd39174d18c,esporte_lazer,58.0,576.0,1.0,2450.0,38.0,24.0,22.0
fa2fd2d3e78769a9f0b997cfa389a0d2,ferramentas_jardim,57.0,3533.0,4.0,2100.0,32.0,16.0,31.0
8ed094bfe076c568f6bb10feada3f75d,moveis_escritorio,43.0,1128.0,1.0,16133.0,63.0,59.0,25.0
c48aa9017e58836324227e1d2209e9ca,moveis_decoracao,63.0,741.0,5.0,300.0,22.0,6.0,15.0
42ec84ace63b58b8c5a7ba7be01d5fb8,cool_stuff,52.0,1732.0,10.0,2550.0,24.0,23.0,27.0
4cdd0c9eb93994b4c2b313ecb2c8b5ca,utilidades_domesticas,53.0,532.0,1.0,250.0,20.0,3.0,20.0
c6a988c762b18da642d772a1f1ddb782,utilidades_domesticas,40.0,396.0,1.0,600.0,30.0,30.0,20.0
84d0e98e468edffdfe4f1f5b178d4ecc,esporte_lazer,47.0,740.0,1.0,1150.0,26.0,31.0,26.0
79882368bfedd5f03e3beed890bd2f95,beleza_saude,36.0,2221.0,1.0,1950.0,30.0,10.0,17.0
0419e76e19f81672eb13b6a8bd19a5cb,moveis_escritorio,30.0,2071.0,1.0,14600.0,58.0,20.0,58.0
76fab799e52e98680a1aae62daef914f,eletrodomesticos_2,41.0,994.0,1.0,25900.0,48.0,46.0,65.0
b0e9f0cc1a936b07b4fc11b3a35ad519,beleza_saude,56.0,1616.0,3.0,650.0,27.0,13.0,17.0
d0ce66fd946b6de7288a6420bbf92bee,esporte_lazer,43.0,665.0,1.0,200.0,16.0,20.0,11.0
328ccc632fdfa11f13190f1e6c773bdb,informatica_acessorios,57.0,798.0,1.0,150.0,20.0,15.0,20.0
47523004e8ae631103108af56e8076a2,telefonia,58.0,828.0,2.0,300.0,17.0,4.0,12.0
f0cd6312ce0b0d7f04fe8dfd3480e278,brinquedos,40.0,180.0,3.0,2400.0,40.0,15.0,40.0
d1606c4563d5481c8020de798866465e,beleza_saude,46.0,1290.0,1.0,650.0,19.0,12.0,13.0
d800be06cad2262f48d1c2982fd31189,cama_mesa_banho,35.0,307.0,1.0,1950.0,58.0,15.0,46.0
ae6a082af3a596a2fcbef378ebfae8c6,livros_interesse_geral,40.0,421.0,1.0,150.0,26.0,2.0,26.0
1a2a204d5ef11c75f78d34ab0456c9ed,livros_tecnicos,59.0,3880.0,1.0,3500.0,29.0,5.0,20.0
008cff0e5792219fae03e570f980b330,esporte_lazer,59.0,1735.0,5.0,1550.0,40.0,20.0,20.0
3a48c5b0b294fbbc416b0939e69f6f09,relogios_presentes,60.0,673.0,2.0,350.0,16.0,11.0,11.0
20e37962088a4061d3578def47a8648b,moveis_decoracao,60.0,208.0,1.0,800.0,40.0,10.0,34.0
d97e1fd728f059a776579e16c9e69e85,beleza_saude,36.0,3076.0,4.0,215.0,22.0,6.0,15.0
70a9f1d2c0e23019d6b8db85a81e69c8,cool_stuff,58.0,989.0,1.0,2500.0,42.0,25.0,15.0
9af62fae6f9a2b963c40a81d29d02ab3,cama_mesa_banho,47.0,572.0,1.0,800.0,17.0,17.0,17.0
711b99e1af05365d2ef959b073af08c4,instrumentos_musicais,60.0,1435.0,1.0,2150.0,50.0,20.0,30.0
b5b7b02332726bc71ed7ad7899bc3b58,cama_mesa_banho,58.0,119.0,1.0,3800.0,35.0,15.0,25.0
7f6b034a2bb30ba8e1da93017a86bd58,beleza_saude,57.0,923.0,6.0,200.0,35.0,16.0,28.0
fdeb34a9f03fea7c3937dd62d1d0287e,cool_stuff,58.0,1252.0,1.0,1100.0,30.0,20.0,23.0
