seller_id,seller_zip_code_prefix,seller_city,seller_state
f8db351d8c4c4c22c6835c19a46f01b0,13324,salto,SP
42bde9fef835393bb8a8849cb6b7f245,71551,brasilia,DF
63bc58679c44e8a998792119fd7ad23e,5595,sao paulo,SP
d8d9567d0bfb0bc7eb845a205ba42657,3688,sao paulo,SP
a11a0e0ca67423425691db355cff69b0,13330,indaiatuba,SP
1d2732ef8321502ee8488e8bed1ab8cd,20031,rio de janeiro,RJ
66fd84ee7528c0c0de85d0f44a73d5ab,98975,campina das missoes,RS
7e79d65b5c6f1f544b7daea036acf720,9572,sao caetano do sul,SP
10089e9f2fd0c668a8fd4e52e1698888,15061,sao jose do rio preto,SP
23a0ffca143a15b9b5bbdb7d552f626a,13520,sao pedro,SP
8b87cd0d43d49b9bdf40f56229364d59,4111,sao paulo,SP
9b013e03b2ab786505a1d3b5c0756754,11450,vicente de carvalho,SP
95f83f51203c626648c875dd41874c7f,37564,borda da mata,MG
e560e4022d8f7aebf155db95946c5c0f,31110,belo horizonte,MG
e70053bf73d1b5863932e53a9fa47496,5059,sao paulo,SP
58c851d1a3c7cd3da329eb59453fed44,13504,rio claro,SP
8fec2e460530482132c436cfb5439925,18500,laranjal paulista,SP
718539d38d07dd351c76db862760e2e2,13088,campinas,SP
431050a06a317f2b38168dec3dcd2b46,2475,sao paulo,SP
056b4ada5bbc2c50cc7842547dda6b51,26379,queimados,RJ
4003520d80d0bad1d5623f7aa3c63cda,20520,rio de janeiro,RJ
3bdff180c7e1f6551a643b99c265a120,4811,sao paulo,SP
9535a841eecebed61a9fb1ac1cbb5597,1208,sao paulo,SP
8160255418d5aaa7dbdc9f4c64ebda44,14940,ibitinga,SP
808d4348b916efa08e766ebad39f61eb,2336,sao paulo,SP
c6381d2d013342748761e906d45aff76,93180,portao,RS
33cbda8716511e27e556dff9d8418bf2,89052,blumenau,SC
17ca9b9e9b9ef8fdb529001b49ebb50f,32677,betim,MG
bb2afe2061d53c6968aa0cffa233a8ec,4307,sao paulo,SP
9d5604a1f112324ad6b2aa552122e0fb,88075,florianopolis,SP
e3a386fc36e22064434e1fa256f6a9fa,13165,engenheiro coelho,SP
4d6fb82c629c7a5028bfd973c07b05e0,31525,belo horizonte,MG
d58d521f3789def2e7a22715e0badd93,3643,sao paulo,SP
1961c3e1272bfeceb05d0b78b5bbfdaf,7241,guarulhos,SP
ae9690c6e8fee182c28c9ff8e11ca52c,4361,sao paulo,SP
55c96925041a14097b6a7825554f4ad5,2122,sao paulo,SP
55a5b51f93f2b70ea513f5a047b0262a,36301,sao joao del rei,MG
05ff92fedb5be47920fea08e501238b9,98803,santo angelo,RS
417a1e6c7321084d2a0ae0d023cfad93,95885,imigrante,RS
4e42581f08e8cfc7c090f930bac4552a,13660,portoferreira,SP
1acde099eb406aa220b1169b188b42da,2532,sao paulo,SP
73a63f72308aa20a46f4b1632018f196,82510,curitiba,PR
6cf476a4ca74498db55cbccdaa9dcfb6,2873,sao paulo,SP
56f413900b5166ab4d730e9ac0b12cb0,18076,sorocaba,SP
a5ff20ff766e7f50bd5066f33da14413,5522,sao paulo,SP
0f80a40c312b2472dca482cf50f5186f,18681,lencois paulista,SP
d6cd01c59123df02fc226eadbadb5f89,1207,sao paulo,SP
1660ad786c27fd935378b6192a90b417,9891,sao bernardo do campo,SP
553a440137d6e0cf776aee0bb83ac9f5,13481,limeira,SP
dd88d13bea9e4c2bf47daf224f8141e5,95900,lajeado,RS
668bf321538e5072858eaef6087ce027,83323,pinhais,PR
bba74270a87732727b5a3b4fd9ac1c39,32604,betim,MG
7f02656561b680def9986c0795a8a080,1417,sao paulo,SP
edd066cd02126d7800f9b66e980e9931,70070,brasilia,DF
5058e8c1e82653974541e83690655b4a,8583,itaquaquecetuba,SP
6a38087bc8ad4f89ff453561005f6dea,75123,anapolis,GO
f419677537694f0462a91990df6ca44f,9750,sao bernardo do campo,SP
26f6b7ab07be3e9e69ce82a6552efc19,21070,rio de janeiro,RJ
15aac934c58d886785ac1b17953ea898,29480,muqui,ES
271b8923c6a549e02d3c9fd1f8c0422b,11704,praia grande,SP
8a130737016f838139d31878787a39c9,3187,sao paulo,SP
7dc8c42cc750eeafea6c85712ffee9bf,5424,sao paulo,SP
adbe70ab2c97442046d393988c8d1d27,9321,maua,SP
781a66c0d89e30814d49fe8b5e14cd07,13064,campinas,SP
f3c38ab652836d21de61fb8314b69182,1206,sao paulo,SP
1dfe5347016252a7884b694d4f10f5c4,14940,ibitinga,SP
485452467ff670447e84a8370c3fc898,89190,taio,SC
df91910b6a03bb2e3358fa6a35e32f6f,9560,sao paulo,SP
da2782c804606d2a5d8e1760dbb3e7ec,2022,sao paulo,SP
a61cc04793308395a840807104365121,13240,jarinu,SP
49e7217cfe4e427191c378ec626d8737,35570,formiga,MG
05feb94f19d094d4b0f9281f0b1d4c99,8752,mogi das cruzes,SP
134b867a0f7f8bbe6abf10f91874891e,13272,valinhos,SP
3b15288545f8928d3e65a8f949a28291,14940,ibitinga,SP
128f9bfbe4c7d5185033914b1de3d39a,12940,atibaia,SP
4e922959ae960d389249c378d1c939f5,12327,jacarei,SP
20a8b0dc55da94fe74d112082427c84f,13312,itu,SP
a70e9066dbfd10b6b97a3f54a1356762,86975,mandaguari,PR
a7a9b880c49781da66651ccf4ba9ac38,13530,itirapina,SP
cd233f8bfa30ebfd651f47ee7d054951,16208,birigui,SP
b127efdabeffb5d559349c7b172eb75d,4308,sao paulo,SP
bf3c6d2a28b2b5501e6c15448982dcc9,4180,sao paulo,SP
c54679b132454625907c773d273d4126,11443,guaruja,SP
33ab10be054370c254ddfcf0a6253422,22790,rio de janeiro,RJ
557f22c76691849db52d2abccf0015d0,75650,morrinhos,GO
ab27bbbad5239bc31a34709275a70db4,18279,tatui,SP
c5e60e39c0f42b8e827daa13cff74afa,3449,sao paulo,SP
fc5a0d7a310a7a41abf86a458585ff2b,3655,sao paulo,SP
3338e7a0710a195872be80e0d2423867,13403,piracicaba,SP
0b90b6df587eb83608a64ea8b390cf07,87025,maringa,PR
12a8eb0f8d1cd3270695bf2a99f55966,4607,sao paulo,SP
a369d693961cb93b61ca2cc518872a85,15081,sao jose do rio preto,SP
71271995e85f5b8530be99ed54a91b89,91360,porto alegre,RS
2bf28e311bba65237358230cabac3f15,86047,londrina,PR
249f0e9905a6e06ad6c6bea7547ab9f6,20950,rio de janeiro,RJ
50c9975695009e5e6473912e83a6d1da,35530,claudio,MG
2fb25ab44bdbeae6a4d816e0d0c9d500,27274,volta redonda,RJ
340636a908b13bbe0f4fb63fbe1d0c03,12240,sao jose dos campos,SP
54c04bdb5ec46762f8f08c7e8f86ed4a,88037,florianopolis,SC
f783a638e9c6af4a7d0dbfde811e7a81,3063,sao paulo,SP
c35affa65afd250151285c5917fc1c8a,8050,sao paluo,SP
e883aa812c37a7413226856f4579fe91,6696,itapevi,SP
669ae81880e08f269a64487cfb287169,89160,rio do sul,SC
d9e8c084b68fe958861d8f2c21202e6b,5528,sao paulo,SP
4cf490a58259286ada5ba8525ba9e84a,14910,tabatinga,SP
d101c6da914ae3d53f7bee42283f2fe2,8072,sao paulo,SP
f5403d3f50089112c4eed37928b7f622,15600,fernandopolis,SP
65c255b299faf2d12050937cc219c46c,3060,sao paulo,SP
918f6fbcf3ab724d805867303e593a1b,13273,valinhos,SP
0307f7565ff85b299b6e5ef162b1b1a9,15085,sao jose do rio preto,SP
3f2af2670e104d1bcb54022274daeac5,87240,terra boa,PR
eb9cd5b35d95206585e2185318cb5c61,3064,sao paulo,SP
784ba75dd9d20200c4caed3d7a77141a,1040,sao paulo,SP
7681ef142fd2c19048da7430856b5588,7074,guarulhos,SP
e601b04acf48b4576e73ddca9481f0dc,4476,sao paulo,SP
2e2f44824ab87a0cb961f68bf4073e7f,82315,curitiba,PR
ab91571efab27993ff2f6b36e38055c3,4319,sao paulo,SP
3a4127e1ba7208ea37044c5092aae170,8226,sao paulo,SP
8d899e15a5925f097cca50faa49b15e3,18131,sao roque,SP
d2f3e277560ed4c6361284429b00f037,12942,atibaia,SP
63191ead8d3b2f937cd1996fdcbbad20,13212,jundiai,SP
e38db885400cd35c71dfd162f2c1dbcf,70740,brasilia,DF
b7ed9fb14c8eadb37adb9c45d67ab0fb,12331,jacarei,SP
11fb6f6d341adbe19e81733701704635,4133,sao paulo,SP
11d4c477d09821164bca4f70a2eae031,14075,ribeirao preto,SP
01266d4c46afa519678d16a8b683d325,80250,curitiba,PR
a56e351445e5863fc8960640ba9190c7,88306,itajai,SC
a3a38f4affed601eb87a97788c949667,89204,joinville,SC
38af8acfd46ac4a7bf754e8ca6736664,4364,sao paulo,SP
6f835fd4be26989b1b064399da346143,81280,curitiba,PR
c7dcd301ecfe5ab7f778ac172cf74be7,30120,belo horizonte,MG
a3082f442524a1be452e3189e003b361,81560,curitiba,SP
41b86b552e54e3a7009596125aa8b167,2470,sao paulo,SP
b8a0adc91af209270c2c725168eb00fd,14940,ibitinga,SP
34d1ca11b242c0fee2c834ae8d788566,36415,congonhas,MG
b7d5b4b87af9d42b601865d3f3810bff,88020,florianopolis,SC
59417c56835dd8e2e72f91f809cd4092,13480,limeira,SP
a5cba26a62b8b4d0145b68b841e62e7f,87303,campo mourao,PR
1996942dc085d7773ba77a529b163cd0,14850,pradopolis,SP
cb3dd9ce66268c7a3ca7241ac70ab58c,3028,sao paulo,SP
ad738d3fcf42655ed15c4960b7b6c601,93425,novo hamburgo,RS
8cbac7e12637ed9cffa18c7875207478,89254,jaragua do sul,SC
b64d51f0435e884e8de603b1655155ae,7077,garulhos,SP
7008613ea464bad5cb9b83456e1e6a8f,89460,canoinhas,SC
d598f929fc44e1e38678e7f47250ec04,73801,formosa,GO
52562a9f449c3dc3d53f5f5b9ed74903,59152,parnamirim,RN
34a557286ead8fe75c989e0afcf7d98c,14406,franca,SP
4b5f66b7adcf57f1ecc0d3c07dd6b177,87025,vendas@creditparts.com.br,PR
7a2d2949aea47fab95fd98d6c9f618b1,81350,curitiba,PR
9b1050e85becf3ae99c1cf4934c9bc5d,39400,montes claros,MG
f41ce2e25237f9092cd8e6e7516c7a2f,7013,guarulhos,SP
56a8b450e802502ba53a9885ee38e29f,9895,sao bernardo do campo,SP
28872dc528e978a639754bc8c2ce5a4c,95070,caxias do sul,RS
e5899683388855d3dabe8913bbe365de,13575,sao carlos,SP
2c3d56f92f360fb89d849b84e8f50eae,6420,barueri,SP
d98eec89afa3380e14463da2aabaea72,90010,porto alegre,RS
4d8809767a5bafe22909c77951fb6b41,6803,embu das artes,SP
2cb4700db635baa1c0d4f90ed27b6669,81070,curitiba,PR
e58a5b390e28abc0b216cfb0e07d27d7,22640,rio de janeiro,RJ
bf84056e679dbe9c69929847a40e338f,2537,sao paulo,SP
7daca0837f033a41a6f3428c18657533,15170,tanabi,SP
6179a28a13a726c29b3bf54c070dccab,37048,varginha,MG
e504a4e2efaa45cbff7e268a2c58c956,13520,sao pedro,SP
6fc26fe110feebd80a433e1f012a84f9,15601,fernandopolis,SP
7139dc5186aa238b006e066d8fbab2e4,13901,amparo,SP
4e326052e5dbba8adcd512f3450a307e,8020,sao paulo,SP
02dcd3e8e25bee036e32512bcf175493,32310,contagem,MG
46ef1a25845fc051c2998d878354810c,35530,claudio,MG
f5b44895715ddfe3087dc414f30268f3,18017,sorocaba,SP
138dbe45fc62f1e244378131a6801526,2215,sao paulo,SP
06579cb253ecd5a3a12a9e6eb6bf8f47,4007,sao paulo - sp,SP
97e50a621f8e801f4baf69e08687c192,4209,sao paulo,SP
4c2b230173bb36f9b240f2b8ac11786e,3933,sao paulo,SP
2e13c71026e1a39ba5cc1b86dcb679aa,2265,sao paulo,SP
b3f19518fcec265b2e97af287725f981,15170,tanabi,SP
1782ce2db72c3dda627d5e7c898104e1,6766,taboao da serra,SP
7dea6f73af847b42cc3985bd620f994d,85813,cascavel,PR
23d7c96d4a1160db1c726b248601b25a,13360,capivari,SP
3e51f9cbe317bc3a88f2c76583811ee4,8032,sao paulo,SP
093805f8f2aeb63881444571e1f48f30,6236,osasco,SP
0ee4fb99ac55ffbbc98795aa01b7f8fa,6539,santana de parnaiba,SP
d8dd176509baa37f359644d082bf7f7b,9570,sao caetano do sul,SP
17e34d8224d27a541263c4c64b11a56b,14085,riberao preto,SP
d8c7ba53e7e38711eaef8c2849d6d2e1,87120,floresta,PR
2c4c47cb51acd5ea5db5e0ae0e26542a,15290,buritama,SP
7b7f91e98f8c6def45a1407923304402,6154,osasco,SP
160851d3ece7aa1a510f8d1a4bb8a8af,17400,garca,SP
d4d99b60c4c94cd35acd502cec65dc8d,4904,sao paulo,SP
51ed72984a04e5dd35c2b27e77179038,15050,sao jose do rio preto,SP
23ff42c4bf1f8f16cddb19d8b972974a,37975,itau de minas,MG
cf8ab1616079e2793aa29d524df01bb1,4088,sao paulo,SP
2a7c6c0b0d5efde2bf75ec1e1cec2d41,87015,maringa,PR
c13ef0cfbe42f190780f621ce81f2234,1207,sao paulo sp,SP
365e445f796710c3431557e85caa25db,4083,sao paulo,SP
0bfd0b434243adc5c2e1aa6baf19c6aa,22745,rio de janeiro,RJ
491a5ada3aa1678414e990262c4bbdc1,4208,sao paulo,SP
0db783cfcd3b73998abc6e10e59a102f,11010,santos,SP
bdae679a9b282249bc23b9b69dae9a99,72210,brasilia,DF
cf1313c6e2c01c2f4b014f97db4bcd2b,22050,rio de janeiro \rio de janeiro,RJ
8b11118053756a9a2932f447e11fc1b5,17350,igaracu do tiete,SP
5275ca25d0358ca73864e0ae41be1320,7024,guarulhos,SP
a4b8d97cd5d3674eeff96abc99d8ed67,13177,sumare,SP
333c4210e76a1aa2ab817b99437e3ff1,13880,vargem grande do sul,SP
5eeb9c756d9780b96283e5a2ac6da334,14010,ribeirao preto,SP
729b2d09b2a0bdab221076327f13d050,17320,mineiros do tiete,SP
92d14edfb62ee5ae7fdff70b0f4e7233,9810,sao bernardo do campo,SP
3fadb4cba4c35bce6a7eaf9872d5623a,95013,caxias do sul,RS
270297ead4c65a6cd2593960d2af6b21,4696,sao paulo,SP
79a679c36c08d606b3fd47ead9de109b,2611,sao paulo,SP
b74d1c09cb380e1d03a6f859c6f4224b,20061,rio de janeiro,RJ
8bb48dc19fccaa8613b6229bf7f452a2,19803,assis,SP
70bf57d811208f8923b41bbd499a67a4,7866,franco da rocha,SP
7040e82f899a04d1b434b795a43b4617,1026,sao paulo,SP
41ab63a91b8b264e8c8780368bf1dd5b,31555,belo horizonte,MG
98f52e1020fe788c10c0418de4393fec,27963,macae,RJ
1c56ffe0e9dea2657fc6e95b53f40b13,13575,sao carlos,SP
b9de031b671cd48b28fae9d828cbf2b4,4283,sao paulo,SP
aa8af66c623d7d544dfe4bb85b5ebe3b,32672,betim,MG
5acd070dd3fe441bbb2ec1f1ede515ee,13203,jundiai,SP
8b2d4ab22f42c5cfc338b846decfda60,83820,fazenda rio grande,PR
312ba1d77e9c332ef21f9598b7f64cd7,7179,guarulhos,SP
2f4b0d3b9634b647d4edee577d7ebb7e,2310,sao paulo,SP
79565f7d5603b24ddf07ade262547f2f,14804,araraquara,SP
f543ba3c973276f519d89d59bd46cead,15030,sao jose do rio preto,SP
d90fe2229fee1a5da999ccd0c06c1667,3416,sao paulo,SP
4324dd16853115efb0fd9d0d131ba6f4,13720,sao jose do rio pardo,SP
acb6c2ca5c82411c1fdb88d5fd5eb95e,3423,sao paulo,SP
28405831a29823802aa22c084cfd0649,3644,sao paulo,SP
5d9dc90a686a8fddacffab6bab5653a3,6513,santana de parnaiba,SP
0b3f27369a4d8df98f7eb91077e438ac,7412,aruja,SP
c12d7463a579237ffb9248bd7cff378b,8275,sao paulo,SP
fc6295add6f51a0936407ead70c1001d,4101,sao paulo,SP
86ff3eaef0267069cc891a2ed9d10a17,88135,palhoca,SC
c31eff8334d6b3047ed34bebd4d62c36,13322,salto,SP
b76a1f8356322f12529c37b67d5c96c2,11015,santos,SP
fa3a0b5aabb344b9a92e3524b0202123,83020,sao jose dos pinhais,SP
1e483cc5c76fef08d3ca05f9a8af7d01,2929,sao paulo,SP
8bdd8e3fd58bafa48af76b2c5fd71974,1552,sao paulo,SP
78ba5933c21686d1c2f64669c8c459e7,8810,mogi das cruzes,SP
391fc6631aebcf3004804e51b40bcf1e,14940,ibitinga,SP
1cbd32d00d01bb8087a5eb088612fd9c,3363,sp / sp,SP
5c603ffb38cbbf25a0e0698941324143,37004,varginha,MG
8daab2245ebdc277c51098d01c5ad8ef,8411,sao paulo,SP
c7fdb77fdbff3c41981bc52f787e959e,9111,santo andre,SP
5dceca129747e92ff8ef7a997dc4f8ca,13450,santa barbara dÂ´oeste,SP
52f0fe436a347ddad7ed5f9aa4e27eaa,1129,sao paulo,SP
c53bcd3be457a342a97e39e5a9f0be22,49980,neopolis,SE
52ac6f920b7280e4c6d30dd94de6259b,83321,pinhais,PR
624f4ece8da4aafb77699233d480f8ef,5138,sao paulo,SP
2be17df1c49978426251562096c3cc09,88704,tubarao,SC
0ed6ce5d87fd9c69eaacaeb778d67235,13473,americana,SP
83c8aafbefb034674a70de0eac5b8954,85601,francisco beltrao,PR
cc1f04647be106ba74e62b21f358af25,2739,sao paulo,SP
bff9deb0ec77d437f3305a79cf25529e,13481,limeira,SP
455f46ef09a9e45667e2981df84b5cc2,18052,sorocaba,SP
a888faf2d1baececa6baf9c3d603ee1f,87502,umuarama,PR
9add47bf45ce8e8c7db6b9cf670b1e09,83830,fazenda rio grande,PR
bd43e172d599bed47a85da877172ca8c,89280,sao bento do sul,SC
50770d25768b0486d89be26afca3108f,9271,santo andre,SP
4ef4c39cf3c24f326434cf0b2e48046a,5004,sao paulo,SP
4b90495391ac0bd181a80a459df1e718,96400,bage,RS
d7d517afce974cd491b8d52bb5b5b1fc,3508,sao paulo,SP
8c351ed7c326c62123318f4f3246e906,11701,praia grande,SP
1284de4ae8aa26997e748c851557cf0e,85301,laranjeiras do sul,SP
5d76d80a2f5f39c891b996a1bf4c9853,5727,sao paulo,SP
c840d3fdbba0790404fdae73d253b253,81530,curitiba,PR
f88adb15807168d3c43d71021090ce4a,13660,porto ferreira,SP
5e49e3a44bdeb5aab2684258bbd4f525,88330,balenario camboriu,SC
f4a04f7be452aa3bb31760bf00055dd0,9010,santo andre,SP
062ce95fa2ad4dfaedfc79260130565f,95913,lajeado,RS
134285d1f41da5c13a756ee8142c8a4e,2523,sao paulo,SP
d63f306de130e0391d38a792541723b8,3236,sao paulo,SP
5c6d4016c2a288f074fa0848a2b653d2,1209,sao paulo,SP
8603f0038fe0e52fedd3382d266723de,88495,garopaba,SC
4ce8b55b4bfa4659184e7becc1fba3f2,83823,fazenda rio grande,PR
53243585a1d6dc2643021fd1853d8905,42738,lauro de freitas,BA
778323240ce2830d68aab11794e00bfb,13600,sao paulo,SP
8629c241b3622ac12cd4118afdc8d394,14090,ribeirao preto,SP
921323538c9f1c4e816f2720eac02bea,1319,sao paulo,SP
4be9ae93c4fc0f41713d71a4194ee1b3,35500,divinopolis,MG
fe9d9cf8631285d5982c6e2cf27fb114,36200,barbacena/ minas gerais,MG
1352e06ae67b410cdae0b2a22361167b,26051,rio de janeiro,RJ
e3e15e2c0b9700561efac21c6be48066,5315,sao paulo,SP
ebd1417732defaf66c50b5a800eb293e,86047,londrina,PR
6bd69102ab48df500790a8cecfc285c2,4293,sao paulo,SP
ac6417315ae5da8f9a38ee11de6f7780,7400,aruja,SP
5def4c3732941a971cba8fdee992ede1,2113,sao paulo,SP
63a79f5a7eb5cb48a7e5787b141c7993,38701,patos de minas,MG
e9874ae10b2d60d43917b6bbfa13a599,86604,rolandia,PR
0b46f784306be7200ca1700aa55d819f,31210,belo horizonte,MG
d180e07dc1e58c31c3f0cd599dc4d945,30620,belo horizonte,MG
fe701d88b67eaca109dffd464d1be9f9,24900,marica,RJ
3f84fefc07dc159b268d4a77d3e8c425,83833,fazenda rio grande,PR
403aa86912527d730337ffcb0fb096ab,30220,belo horizonte,MG
e5545d4d4473876ea78c5bcebca365c3,17512,marilia,SP
042573af89b6d931f672efaf789d8358,18015,sorocaba,SP
6879c4d287a8dd06b11f54ea8f78e4da,6186,osasco,SP
e067ad2c1c0b48758eb1b5228bcf7a68,11045,santos,SP
058cb5aeb36d7c0fcae20fc85d5e0a59,21635,rio de janeiro,RJ
b56906f7fd1696e043f1bcce164c487b,19830,echapora,SP
17adeba047385fb0c67d8e90b4296d21,7052,guarulhos,SP
33ac3e28642ab8bda860a2f693000e78,6717,cotia,SP
3c4e0452bff7a2a788179488d3d77032,83408,colombo,PR
4c8545742faaf58fafd5fd14d25d75cf,15603,fernandopolis,SP
02f5837340d7eb4f653d676c7256523a,80620,curitiba,PR
d79e8478eed9999493990b44955fb22e,20081,rio de janeiro / rio de janeiro,RJ
bf961104a38e01b9062ee026bb657dee,14055,ribeirao preto,SP
0c7533c71df861ec58ad7ff999ed0e8d,13270,valinhos,SP
cd843d4cf8ef32827de0396605163ba3,36071,juiz de fora,MG
dcb7367a92f5ffb89f1e2152ed260285,17700,osvaldo cruz,SP
656591be56071d4c9ef4e5fee78a578a,9180,santo andre,SP
fb89df7f89fd1b8f03fa2acca1ba7364,85853,foz do iguacu,PR
a72f15980dc3e9bfd1a49ac9b2f3af65,17512,marilia,SP
630008e0f062605a415d694489f6f82e,1026,sao paulo,SP
e83c76265fc54bf41eac728805e4da77,16074,aracatuba,SP
9fe7c6641c79970ab48185498f547c09,3147,sao paulo,SP
d3674f271c91f824f82d24d92011f669,72233,brasilia,DF
05aebce0b5c8f0d41b29b686f2d05fd3,3962,sao paulo,SP
f63d8f293af3a6454377546bd9dd19ff,18110,votorantim,SP
f90f77ef2799a27f80d90c425ca944f7,86020,londrina,PR
1b45169b635ef59425637e9a33eb5fb3,87050,maringa,PR
71dc18fd8cbf5fd77f45dd8b427abb34,82520,curitiba,PR
f5fea3ffed6c2e889bab72705557c63a,21240,rio de janeiro,RJ
d2374cbcbb3ca4ab1086534108cc3ab7,14940,ibitinga,SP
e433f5fd4050e3352b5d83522b7fe24b,86702,arapongas,PR
a2deecd5398f5df4987110c80a1972a3,5043,sao paulo,SP
b05b432bf68945d4d9783f9e3ca29ee8,16200,birigui,SP
9cad4b68bb993ee401a3c5aaa2bc26dd,16200,birigui,SP
10ff823eda2b032e2c93d17a7d294736,17280,pederneiras,SP
17908cf9b444ee34047cadd5c0f4a516,75124,anapolis,GO
e64ddbe1cbcf4f2fc3092b7c481f3f9d,3513,sao paulo,SP
dace965ca58120f92f8d742a9fa1864b,14015,sao paulo,SP
e732329483fd5f27367dd997b47f598a,89030,blumenau,SC
9df5750209b83567ec144eb299d7d634,93032,sao leopoldo,RS
e59e489e2ea74bd409b798b5daf49de3,87060,maringa,PR
e5c84227854980f1db19a58958c551d9,83823,fazenda rio grande,PR
d4f91e8be86b38da2ee35bc489645a9d,12512,guaratingueta,SP
2063dd1b9f568df1c16741ea7d3e6adb,85065,guarapuava,PR
83f2b4881141ce3fcd4e985125d3279e,14055,ribeirao preto,SP
dedcab67899479e4ea5dcc4eba47f587,89258,jaragua do sul,SC
6ba4733aa33f6386e9fb0c0fd3993b38,95560,torres,RS
0791d9fc1e30678ecf03d3e55fa108d3,30775,belo horizonte,MG
b347677812ea483b0f528eaf8cbc09b7,82540,curitiba,PR
07017df32dc5f2f1d2801e579548d620,58030,joao pessoa,PB
901b460cdce0c64e471230d7f2f9f3a3,90620,porto alegre,RS
01ed254b9ff8407dfb9d99ba1e17d923,8710,mogi das cruzes,SP
e5a3438891c0bfdb9394643f95273d8e,13483,limeira,SP
94b9108d4b637ba65bb4f1e53cfcf8d8,7221,guarulhos,SP
0df3984f9dfb3d49ac6366acbd3bbb85,32604,betim,MG
fe19dce63ae80346207c6c55713d1023,38010,uberaba,MG
5a4236931428800e9d9cc04af0987118,2916,sao paulo,SP
74871d19219c7d518d0090283e03c137,4650,sao paulo,SP
1fa2d3def6adfa70e58c276bb64fe5bb,4106,sao paulo,SP
99a25c39b28a74d1151c35c18d178292,2236,sao paulo,SP
e09887ca8c7bf8a4621ce481820414ef,8431,sao paulo,SP
817f85dbb65aa3e70831d90fe75cdf89,18530,tiete,SP
c89cf7c468a48af70aada384e722f9e2,25730,petropolis,RJ
cc3d14116804f7209f3884f6367f1152,82940,curitiba,PR
800214c63934acd05d47e84214db8ba8,89251,jaragua do sul,SC
8581055ce74af1daba164fdbd55a40de,7112,guarulhos,SP
ae7ab174effdead6c241e547e4ca13f0,86703,arapongas,PR
4978a02ea9c8be7a9b5480680f40334e,8215,sao paulo,SP
14f2b3587172b9db894c9bad8dab520b,95240,ipe,RS
57a834594e1e9e9219603bfec184eadc,98780,santa rosa,RS
e256a62e0ac58c0edfba09966142d561,81320,curitiba,PR
c66dccfb3f109511246da627dd5a2498,11900,registro,SP
04ee0ec01589969663ba5967c0e0bdc0,95910,lajeado,RS
9198786624eaeb375793215cad26cfa6,89136,rodeio,SC
157c3e4b42f81ac4a44e8b1ca2fe9876,3211,sao paulo,SP
3ade81dab5a172b88e1871c28ae05260,15076,sao jose do rio preto,SP
9bc484c87d79cd4874e05ca182658045,2422,sao paulo,SP
5aaa890629f83706d8d9bfecd8377c1c,25720,petropolis,RJ
72c5da29406b4234927b81855e7b64f6,7077,guarulhos,SP
32b8764b4ef628b53608fc34011fcc13,88504,lages,SC
d624126b9206f595fb3fbb6ba03b28a8,80045,curitiba,PR
85e7c62c1d6ea078c3897424f867a7c8,88220,itapema,SC
f9bbdd976532d50b7816d285a22bd01e,5319,sao paulo,SP
dd58ee93286b0821565574c570e9e1dc,81650,curitiba,PR
679769a98cfcc6da877c8486ff1c13f3,35162,ipatinga,MG
670c26e0f1bf8d0576271d5cfaec6d2b,87025,maringa,PR
3ded4e2d5f135cb103e5949d7263d2dd,37550,pouso alegre,MG
5075aaa8404020ae6aa8bf4792099b41,37706,pocos de caldas,MG
55f7a3319d80f7fdf078b8f03e6725fe,6056,osasco,SP
28fb0829fd777877cdc350d25cb5bd5b,15051,sao jose do rio pret,SP
bc07d855eac23aab5ac8a120f21d16b2,8710,mogi das cruzes,SP
df0f42bc4c2142eacf0eaf2cffd0cfbb,88306,itajai,SC
ba8e85df286308fe68a2ce83a8f8b2d6,88135,santa catarina,SC
a4b6b9b992b46e9ef863637af96e04bc,88090,florianopolis,SC
94ca168e8bcb407ab85c5da308863027,16250,clementina,SP
c3fe93ba3085f92855c97e57f38c8c05,81510,curitiba,PR
1b61fb1f0f2185d89e9a126c498e9cc7,87015,maringa,PR
ad14615bdd492b01b0d97922e87cb87f,88704,tubarao,SC
db2956745b3a8e9f3785c99f34b5d25e,11600,sao sebastiao,SP
c9a06ece156bb057372c68718ec8909b,73020,brasilia,DF
e00d85ce20ea50c1224c66ca5050527d,6286,osasco,SP
00d8b143d12632bad99c0ad66ad52825,30170,belo horizonte,MG
59fb871bf6f4522a87ba567b42dafecf,3655,sao paulo,SP
dc50afafdfa325eadc890c7fa42a8f4e,87050,maringa,PR
4a23adac87cf538689fa600d976f78b2,4537,sao paulo,SP
655220df33262c7e0c4949a147366f94,9951,diadema,SP
81f89e42267213cb94da7ddc301651da,19063,presidente prudente,SP
4e5725ba188db8252977a4f0227bd462,14092,ribeirao preto,SP
9cf787a239c1aa29dbd76f153dc13f9a,14403,franca,SP
6806dad1da97bfb5a9038eac6881f706,83280,guaratuba,PR
13dd308f81fea30cc670c656b2b46cc3,13454,santa barbara d'oeste,SP
56db5c0782e8f7ddc9343f9576ff6d16,88132,palhoca,SC
83deb69e889cf80f82be1dc6d5f2d486,88056,florianopolis,SC
6e4a902d1054e4e17aa6eab87fac1c75,18090,sorocaba,SP
0176f73cc1195f367f7b32db1e5b3aa8,14940,ibitinga,SP
377bc18334c78dd2f1535ef22a3ad225,83015,sao jose dos pinhais,PR
d1ef48b38baca7e831711c4a0aeb398f,86800,apucarana,PR
07e8e8fc5222bb358e6f259da3197074,4216,sao paulo,SP
4cc4fd4fdd406a85bbdc1f824b731bd7,85906,toledo,PR
75a4764c108403a7a0575140cb22287c,95072,caxias do sul,RS
8fe8786ee000001ab51d030dfd4a7bf1,88490,paulo lopes,SC
6dc9bec584588412a6a338830946a3e4,3270,sao paulo,SP
96804ea39d96eb908e7c3afdb671bb9e,38950,ibia,MG
e64d65bc8dbec2accda90c58de5d1246,13500,rio claro,SP
a69aa24cec11168e7e39a3fbc727e925,6330,carapicuiba,SP
577719699805dd125d5b6fdde5943bba,95150,nova petropolis,RS
e94b64dc6979b302a5a5be1662c83bb6,6852,itapecerica da serra,SP
01fd077212124329bac32490e8ef80d9,14079,ribeirao preto / sao paulo,SP
bcc9dd23e2a8bd8267cf92b19304a1b9,14940,ibitinga,SP
48985c61529077fa4f1e38bcff0f2ed3,90020,porto alegre,RS
44717f64ec2a457979cf83c429077666,98780,santa rosa,RS
d2df77822373f19934e87694d8640767,86706,arapongas,PR
62de60d81c55c29d76a6bce418b31cef,14940,ibitinga,SP
f25e239052084705e17a982bc600ab2a,1123,sao paulo,SP
2089a6d640999f9b9141ac719b2af596,13566,sao carlos,SP
f18112da765e0971ca5d510dec322bdd,88351,brusque,SC
9a1aea68d3efa00862ec88c0768037d0,15806,catanduva,SP
75d34ebb1bd0bd7dde40dd507b8169c3,41820,salvador,BA
5bf397d04035b5f45cc41e82ec106803,4144,sao paulo,SP
082e0bf4cb865a6533b1e8e498cc0255,18608,botucatu,SP
e3e290b38963293022cdcd6db8328103,1403,sao paulo,SP
6187a137b2af59dfdbad8d9f8c373c14,6268,osasco,SP
ae45ad30c2d2e5913094769690a239d2,14405,franca,SP
89f69225956f951295ca4c7fb1266553,27700,vassouras,RJ
ed46f1eb4a638113deb2a1137b5f22e9,89080,indaial,SC
fec8cd45395b3cb0c2b173d7739706a1,12270,jambeiro,SP
b6e1504972665f739dec4facb9943775,13405,piracicaba,SP
252e76235acb79183cfca6e34f13337d,13090,campinas,SP
fec6275253471ace26d209bbaa64cd0f,28605,nova friburgo,RJ
d4e4b5192cba4e0e66eb12a9d347239d,85904,toledo,PR
e24fc9fcd865784fb25705606fe3dfe7,12913,braganca paulista,SP
e4f121bf6ef8b9a1d4d3e65dd0473fab,15085,sao jose do rio preto,SP
31344c16881c08a8a72c6d2eb29918c1,36500,uba,MG
9ef932e837d8b7f392c0bfee9d359dc2,14940,ibitinga,SP
25cf099de44674fde97473224f9d59ab,6716,cotia,SP
1710c3aaa9c6b44ec3883ee0fe300e21,9551,sao caetano do sul,SP
d7827b2af99326a03b0ed9c7a24db0d3,86076,londrina,SP
85ecf03781da592876b7844acc1b729f,3658,sao paulo,SP
6d2f2e3b539480db1e0842b3a4e32e6e,7051,guarulhos,SP
0a85ebe4e328db81ac9109781205e2f7,13205,jundiai,SP
6e386f64c84e482f0b9abf960797ee1b,1539,sao paulo,SP
aa762680c40618316a896838866140ea,82510,curitiba,PR
4a3ccda38b2129705f3fb522db62ca31,17504,marilia,SP
f62d7bb4a613ec758a03342d46b580b2,36570,vicosa,MG
762fafdaa57a532ee0119731697579dd,13311,itu,SP
2a73cba571d90c694b7caca072ccf6ce,9560,sao caetano do sul,SP
3076499bbc033a927bf4a8a41bcf7fd4,15350,auriflama,SP
c88f62b4c386a59281014d677864d016,86707,arapongas,PR
c611f4ce9ce875bcc063fa97fd4d7d12,12944,atibaia,SP
bede56095ba33c42038fb85f707b8a42,13271,valinhos,SP
a1bea7061f61f6fdd9a85a6325ba1033,6311,carapicuiba / sao paulo,SP
455befea1bb853c75ccbca94cff26e5c,27525,resende,RJ
8f0fbe2cd4d472157dc1cdef6edecaa9,2755,sao paulo,SP
febab0275244b9a49a623f0bd613ca2f,13920,pedreira,SP
272f092de69afedd4d2969440b37f18f,3265,sao paulo,SP
d32e3909cfb714fb2a6cb092c85b9c5f,13215,jundiai,SP
1b4b28463457a256e9a784ebe2a8f630,13418,piracicaba,SP
0015a82c2db000af6aaaf3ae2ecb0532,9080,santo andre,SP
fbc14c0cf93505ef89f64665ffa4a7b5,14150,serrana,SP
f4db9b37944bcb8873e6b456ee190bbf,8599,itaquaquecetuba,SP
9ac75591b69c3402684b6ce0310f22ee,2880,sao paulo,SP
77530e9772f57a62c906e1c21538ab82,80310,curitiba,PR
119c7f1a00ef43fad0e57604e76a747c,2614,sao paulo,SP
49f8d2ea7b718d0ce587d34207caf2b4,9830,sao bernardo do campo,SP
2addf05f476d0637864454e93ba673d5,70856,brasilia,DF
89a51f50b8095ea78d5768f34c13a76f,71931,brasilia,DF
2aafae69bf4c41fbd94053d9413e87ee,91901,porto alegre,RS
b5dd7151a92ccaaa282cbe9681a05f44,14020,ribeirao preto,SP
a13aaf2d2886ab9fb30fb9a920160b8f,89207,joinville,SC
77e4abfd739aed9c46480f90f81c0eb4,70767,brasilia,DF
578fa3a9cb6b6dceab39231ad59cdaca,60025,fortaleza,CE
f9a02f1922d1de564392e656d82b3fda,8502,ferraz de vasconcelos,SP
2bf6a2c1e71bbd29a4ad64e6d3c3629f,28615,nova friburgo,RJ
bbd3acfe6de99892e73940d3fdceaf68,9111,santo andre,SP
3985a3c45be355a4c57fde108bfabd1c,95690,rolante,RS
ccf8813e5a7d6c84d865cd38bfc2b130,12080,taubate,SP
900ba814c251a692506d7834c1218441,13328,salto,SP
4bde6149c15cf7e177b36fa060dd6de8,99500,carazinho,RS
df47da4ae86fa4db890d05aaf24e21d8,4360,sao paulo,SP
7e1fb0a3ebfb01ffb3a7dae98bf3238d,14403,franca,SP
e2aee0892199b1d92530e371abd825bf,86600,rolandia,PR
8b28d096634035667e8263d57ba3368c,12243,sao jose dos campos,SP
2f1e7b90e01d9f086cbcb301c0c3d406,89022,blumenau,SC
ca7c6bd577e559472af1c699de9e764e,9812,sao bernardo do campo,SP
c0e6839516f5398edc34adf5f1d53d1a,11430,guaruja,SP
2d42ebcda99fd55f6f4bc2f1ca035d50,76400,uruacu,GO
